BookingID,PassengerName,Age,Gender,BusCode,RouteCode,TravelDate,Fare,Status,RouteName,AgeCategory,FareCategory
2002,Nitin Gupta,47,F,B01,RT2,2024-05-23,436,CANCELLED,Mumbai-Pune,Adult,Low
2003,Pooja Yadav,41,M,B03,RT6,2024-05-11,540,CANCELLED,Ahmedabad-Surat,Adult,Medium
2004,Mohan Sharma,42,M,B01,RT1,2024-05-25,671,CONFIRMED,Delhi-Jaipur,Adult,High
2006,Mohan Das,56,m,B02,RT2,2024-05-03,606,CONFIRMED,Mumbai-Pune,Adult,High
2008,Sneha Gupta,7,F,B03,RT5,2024-06-20,559,CANCELLED,Kolkata-Patna,Minor,Medium
2010,Sneha Malhotra,84,m,B04,RT2,2024-06-08,534,CONFIRMED,Mumbai-Pune,Senior,Medium
2012,Payal Mehta,37,m,B03,RT3,2024-04-17,496,CONFIRMED,Bangalore-Chennai,Adult,Low
2013,Anita Malhotra,54,f,B03,RT3,2024-06-25,663,CANCELLED,Bangalore-Chennai,Adult,High
2014,Reena Gupta,69,F,B01,RT1,2024-04-07,585,CONFIRMED,Delhi-Jaipur,Senior,Medium
2019,Priya Das,3,f,B06,RT3,2024-06-15,526,CANCELLED,Bangalore-Chennai,Minor,Medium
2020,Ritu Malhotra,28,m,B05,RT3,2024-06-12,652,CANCELLED,Bangalore-Chennai,Adult,High
2021,Aarti Verma,55,M,B02,RT1,2024-05-03,512,CONFIRMED,Delhi-Jaipur,Adult,Medium
2022,Neeraj Das,31,M,B01,RT2,2024-06-01,586,CANCELLED,Mumbai-Pune,Adult,Medium
2024,Amit Das,42,m,B02,RT4,2024-06-02,568,CONFIRMED,Hyderabad-Goa,Adult,Medium
2025,Deepa Mehta,11,M,B06,RT3,2024-04-30,554,CONFIRMED,Bangalore-Chennai,Minor,Medium
2026,Alok Yadav,8,f,B05,RT3,2024-04-06,686,CONFIRMED,Bangalore-Chennai,Minor,High
2027,Anjali Kumar,57,F,B06,RT4,2024-04-29,531,CANCELLED,Hyderabad-Goa,Adult,Medium
2029,Priya Mehta,25,f,B06,RT4,2024-06-28,536,CANCELLED,Hyderabad-Goa,Adult,Medium
2030,Gaurav Mehta,49,f,B01,RT5,2024-04-27,693,CANCELLED,Kolkata-Patna,Adult,High
2032,Payal Yadav,1,m,B02,RT5,2024-04-04,543,CANCELLED,Kolkata-Patna,Minor,Medium
2033,Suresh Verma,63,m,B05,RT6,2024-05-28,685,CONFIRMED,Ahmedabad-Surat,Senior,High
2034,Reena Mehta,38,m,B01,RT2,2024-04-28,552,CONFIRMED,Mumbai-Pune,Adult,Medium
2035,Lata Jain,76,f,B03,RT1,2024-04-17,497,CONFIRMED,Delhi-Jaipur,Senior,Low
2039,Manoj Gupta,88,f,B06,RT3,2024-04-16,669,CONFIRMED,Bangalore-Chennai,Senior,High
2040,Arjun Kumar,98,F,B04,RT5,2024-06-24,662,CONFIRMED,Kolkata-Patna,Senior,High
2041,Nitin Singh,32,F,B02,RT5,2024-06-09,579,CONFIRMED,Kolkata-Patna,Adult,Medium
2044,Karan Patel,99,M,B06,RT1,2024-04-25,456,CONFIRMED,Delhi-Jaipur,Senior,Low
2046,Suresh Kapoor,31,F,B03,RT3,2024-04-18,557,CONFIRMED,Bangalore-Chennai,Adult,Medium
2047,Alok Verma,22,F,B03,RT2,2024-04-19,575,CANCELLED,Mumbai-Pune,Adult,Medium
2048,Aarti Patel,12,f,B04,RT5,2024-05-03,492,CANCELLED,Kolkata-Patna,Minor,Low
2051,Sachin Sharma,92,M,B02,RT2,2024-06-24,445,CONFIRMED,Mumbai-Pune,Senior,Low
2053,Ankit Verma,25,f,B03,RT3,2024-05-20,513,CANCELLED,Bangalore-Chennai,Adult,Medium
2054,Ramesh Mehta,16,f,B02,RT4,2024-04-02,530,CONFIRMED,Hyderabad-Goa,Minor,Medium
2057,Ritu Gupta,20,m,B03,RT4,2024-05-13,474,CANCELLED,Hyderabad-Goa,Adult,Low
2058,Reena Sharma,81,F,B05,RT3,2024-05-03,530,CONFIRMED,Bangalore-Chennai,Senior,Medium
2059,Sneha Malhotra,67,m,B06,RT3,2024-04-01,585,CONFIRMED,Bangalore-Chennai,Senior,Medium
2060,Pooja Arora,30,f,B01,RT3,2024-05-29,586,CONFIRMED,Bangalore-Chennai,Adult,Medium
2061,Nitin Kapoor,11,F,B01,RT4,2024-05-11,649,CANCELLED,Hyderabad-Goa,Minor,High
2062,Mohan Kumar,1,M,B03,RT3,2024-06-06,615,CANCELLED,Bangalore-Chennai,Minor,High
2063,Vikas Sharma,16,F,B05,RT6,2024-05-20,428,CANCELLED,Ahmedabad-Surat,Minor,Low
2066,Sachin Patel,12,m,B01,RT6,2024-04-04,635,CONFIRMED,Ahmedabad-Surat,Minor,High
2067,Alok Jain,92,m,B01,RT6,2024-04-01,570,CONFIRMED,Ahmedabad-Surat,Senior,Medium
2069,Alok Kapoor,62,m,B05,RT6,2024-06-18,688,CONFIRMED,Ahmedabad-Surat,Senior,High
2070,Prakash Shah,97,f,B03,RT3,2024-05-20,494,CANCELLED,Bangalore-Chennai,Senior,Low
2071,Payal Kapoor,73,m,B03,RT2,2024-05-15,647,CONFIRMED,Mumbai-Pune,Senior,High
2075,Rohit Kapoor,21,m,B04,RT6,2024-04-27,475,CANCELLED,Ahmedabad-Surat,Adult,Low
2076,Neha Kumar,41,m,B05,RT5,2024-04-26,430,CONFIRMED,Kolkata-Patna,Adult,Low
2077,Divya Shah,29,F,B04,RT4,2024-04-26,529,CANCELLED,Hyderabad-Goa,Adult,Medium
2078,Manoj Singh,77,F,B03,RT2,2024-06-08,473,CANCELLED,Mumbai-Pune,Senior,Low
2080,Sakshi Gupta,98,m,B02,RT1,2024-05-21,483,CONFIRMED,Delhi-Jaipur,Senior,Low
2081,Ritu Das,12,m,B03,RT2,2024-04-25,653,CANCELLED,Mumbai-Pune,Minor,High
2083,Ashok Gupta,34,f,B02,RT1,2024-05-29,404,CANCELLED,Delhi-Jaipur,Adult,Low
2085,Alok Singh,55,F,B06,RT4,2024-04-02,608,CANCELLED,Hyderabad-Goa,Adult,High
2086,Arjun Das,40,F,B01,RT5,2024-05-27,424,CONFIRMED,Kolkata-Patna,Adult,Low
2087,Payal Gupta,55,m,B05,RT1,2024-04-21,619,CANCELLED,Delhi-Jaipur,Adult,High
2088,Neha Shah,62,M,B01,RT3,2024-05-03,667,CONFIRMED,Bangalore-Chennai,Senior,High
2089,Vivek Das,96,M,B04,RT5,2024-06-10,662,CANCELLED,Kolkata-Patna,Senior,High
2090,Neeraj Mehta,69,M,B05,RT3,2024-05-20,671,CONFIRMED,Bangalore-Chennai,Senior,High
2091,Sunil Verma,69,F,B04,RT5,2024-05-23,594,CONFIRMED,Kolkata-Patna,Senior,Medium
2092,Amit Gupta,44,M,B03,RT3,2024-04-02,599,CANCELLED,Bangalore-Chennai,Adult,Medium
2094,Amit Kumar,69,m,B06,RT1,2024-06-21,553,CONFIRMED,Delhi-Jaipur,Senior,Medium
2095,Neha Gupta,96,m,B04,RT1,2024-05-30,477,CANCELLED,Delhi-Jaipur,Senior,Low
2096,Payal Shah,54,M,B05,RT5,2024-06-20,494,CANCELLED,Kolkata-Patna,Adult,Low
2097,Sakshi Shah,14,m,B01,RT5,2024-06-30,699,CANCELLED,Kolkata-Patna,Minor,High
2098,Ashok Patel,15,F,B04,RT4,2024-05-28,425,CONFIRMED,Hyderabad-Goa,Minor,Low
2099,Sakshi Verma,40,m,B06,RT4,2024-05-08,551,CANCELLED,Hyderabad-Goa,Adult,Medium
2100,Mehul Arora,82,m,B05,RT2,2024-04-20,505,CANCELLED,Mumbai-Pune,Senior,Medium
2104,Mehul Verma,58,F,B01,RT4,2024-05-08,506,CONFIRMED,Hyderabad-Goa,Adult,Medium
2107,Vikas Kumar,86,f,B05,RT5,2024-05-11,423,CONFIRMED,Kolkata-Patna,Senior,Low
2109,Ankit Yadav,11,M,B04,RT3,2024-06-16,691,CANCELLED,Bangalore-Chennai,Minor,High
2110,Rohit Arora,87,F,B04,RT4,2024-04-02,454,CONFIRMED,Hyderabad-Goa,Senior,Low
2111,Anita Malhotra,67,M,B03,RT3,2024-04-29,497,CONFIRMED,Bangalore-Chennai,Senior,Low
2113,Lata Yadav,55,F,B06,RT2,2024-05-06,606,CANCELLED,Mumbai-Pune,Adult,High
2115,Neeraj Mehta,64,m,B06,RT4,2024-06-06,485,CONFIRMED,Hyderabad-Goa,Senior,Low
2117,Priya Shah,1,F,B04,RT3,2024-04-18,485,CONFIRMED,Bangalore-Chennai,Minor,Low
2118,Prakash Patel,1,m,B05,RT2,2024-05-18,561,CANCELLED,Mumbai-Pune,Minor,Medium
2120,Reena Jain,30,f,B06,RT6,2024-06-11,521,CANCELLED,Ahmedabad-Surat,Adult,Medium
2122,Manoj Gupta,88,F,B03,RT2,2024-06-23,464,CONFIRMED,Mumbai-Pune,Senior,Low
2123,Ashok Gupta,83,m,B05,RT2,2024-05-23,661,CONFIRMED,Mumbai-Pune,Senior,High
2124,Deepa Verma,11,f,B03,RT5,2024-06-14,503,CANCELLED,Kolkata-Patna,Minor,Medium
2125,Raj Kapoor,64,F,B03,RT2,2024-06-27,622,CANCELLED,Mumbai-Pune,Senior,High
2129,Vikas Shah,8,M,B01,RT2,2024-06-06,605,CONFIRMED,Mumbai-Pune,Minor,High
2130,Ashok Yadav,5,M,B05,RT2,2024-05-13,594,CANCELLED,Mumbai-Pune,Minor,Medium
2133,Payal Malhotra,47,m,B03,RT5,2024-06-24,494,CANCELLED,Kolkata-Patna,Adult,Low
2134,Reena Malhotra,2,f,B06,RT2,2024-06-03,649,CONFIRMED,Mumbai-Pune,Minor,High
2136,Ritu Singh,71,f,B06,RT3,2024-04-13,448,CONFIRMED,Bangalore-Chennai,Senior,Low
2137,Anjali Sharma,31,m,B01,RT6,2024-04-14,602,CANCELLED,Ahmedabad-Surat,Adult,High
2138,Ramesh Jain,66,f,B03,RT3,2024-06-16,652,CONFIRMED,Bangalore-Chennai,Senior,High
2139,Anjali Sharma,39,F,B06,RT3,2024-04-19,445,CONFIRMED,Bangalore-Chennai,Adult,Low
2140,Mohan Yadav,66,M,B04,RT3,2024-06-04,494,CANCELLED,Bangalore-Chennai,Senior,Low
2144,Manoj Patel,32,f,B01,RT5,2024-04-13,624,CANCELLED,Kolkata-Patna,Adult,High
2146,Vikas Verma,45,M,B02,RT6,2024-04-23,661,CANCELLED,Ahmedabad-Surat,Adult,High
2147,Nitin Sharma,78,F,B06,RT2,2024-05-16,447,CANCELLED,Mumbai-Pune,Senior,Low
2148,Karan Verma,72,f,B03,RT3,2024-05-21,649,CANCELLED,Bangalore-Chennai,Senior,High
2149,Payal Shah,56,f,B06,RT1,2024-06-21,436,CANCELLED,Delhi-Jaipur,Adult,Low
2151,Pooja Singh,25,F,B05,RT6,2024-04-09,633,CONFIRMED,Ahmedabad-Surat,Adult,High
2152,Rohit Arora,8,m,B04,RT3,2024-04-26,530,CANCELLED,Bangalore-Chennai,Minor,Medium
2153,Nitin Kumar,8,m,B03,RT3,2024-04-16,614,CONFIRMED,Bangalore-Chennai,Minor,High
2154,Sachin Patel,37,F,B02,RT4,2024-05-19,569,CANCELLED,Hyderabad-Goa,Adult,Medium
2156,Prakash Kumar,42,M,B05,RT1,2024-05-01,678,CANCELLED,Delhi-Jaipur,Adult,High
2157,Vivek Das,17,f,B05,RT2,2024-04-05,461,CANCELLED,Mumbai-Pune,Minor,Low
2158,Rahul Gupta,1,F,B05,RT4,2024-05-06,460,CONFIRMED,Hyderabad-Goa,Minor,Low
2159,Kavita Gupta,33,f,B04,RT3,2024-05-05,420,CONFIRMED,Bangalore-Chennai,Adult,Low
2160,Sneha Yadav,18,f,B03,RT5,2024-05-23,574,CONFIRMED,Kolkata-Patna,Adult,Medium
2164,Ashok Gupta,17,M,B01,RT2,2024-04-22,582,CONFIRMED,Mumbai-Pune,Minor,Medium
2166,Neha Sharma,19,m,B01,RT2,2024-06-02,689,CANCELLED,Mumbai-Pune,Adult,High
2167,Payal Gupta,96,M,B03,RT5,2024-05-22,401,CONFIRMED,Kolkata-Patna,Senior,Low
2168,Neeraj Mehta,39,f,B03,RT3,2024-06-18,491,CANCELLED,Bangalore-Chennai,Adult,Low
2170,Ramesh Kapoor,55,m,B04,RT4,2024-06-30,621,CANCELLED,Hyderabad-Goa,Adult,High
2171,Neeraj Gupta,80,F,B02,RT1,2024-05-05,484,CANCELLED,Delhi-Jaipur,Senior,Low
2172,Vivek Arora,12,f,B04,RT4,2024-05-13,603,CANCELLED,Hyderabad-Goa,Minor,High
2177,Alok Malhotra,96,M,B02,RT2,2024-04-01,454,CANCELLED,Mumbai-Pune,Senior,Low
2179,Mehul Gupta,50,F,B01,RT4,2024-05-25,478,CONFIRMED,Hyderabad-Goa,Adult,Low
2183,Alok Kapoor,28,f,B06,RT2,2024-05-21,549,CONFIRMED,Mumbai-Pune,Adult,Medium
2186,Manoj Sharma,16,m,B06,RT2,2024-06-17,550,CONFIRMED,Mumbai-Pune,Minor,Medium
2187,Ashok Yadav,18,F,B04,RT4,2024-05-11,580,CANCELLED,Hyderabad-Goa,Adult,Medium
2188,Karan Mehta,86,F,B06,RT6,2024-06-20,504,CANCELLED,Ahmedabad-Surat,Senior,Medium
2189,Divya Yadav,30,f,B05,RT3,2024-05-31,515,CANCELLED,Bangalore-Chennai,Adult,Medium
2193,Gaurav Kumar,85,m,B01,RT2,2024-04-28,579,CONFIRMED,Mumbai-Pune,Senior,Medium
2194,Divya Das,30,M,B06,RT2,2024-06-19,575,CONFIRMED,Mumbai-Pune,Adult,Medium
2195,Priya Malhotra,62,F,B05,RT6,2024-06-30,656,CONFIRMED,Ahmedabad-Surat,Senior,High
2196,Anita Mehta,9,m,B04,RT1,2024-05-31,596,CONFIRMED,Delhi-Jaipur,Minor,Medium
2197,Suresh Verma,1,m,B02,RT5,2024-04-15,692,CANCELLED,Kolkata-Patna,Minor,High
2198,Mohan Gupta,16,m,B04,RT5,2024-05-07,685,CANCELLED,Kolkata-Patna,Minor,High
2200,Alok Mehta,68,F,B01,RT1,2024-05-22,556,CONFIRMED,Delhi-Jaipur,Senior,Medium
2201,Sneha Sharma,68,f,B02,RT5,2024-06-12,637,CANCELLED,Kolkata-Patna,Senior,High
2203,Aarti Gupta,25,M,B03,RT3,2024-04-06,545,CONFIRMED,Bangalore-Chennai,Adult,Medium
2204,Arjun Kumar,61,M,B05,RT6,2024-04-20,534,CANCELLED,Ahmedabad-Surat,Senior,Medium
2206,Reena Kapoor,71,F,B04,RT3,2024-04-06,606,CANCELLED,Bangalore-Chennai,Senior,High
2208,Neha Mehta,19,m,B05,RT1,2024-05-17,512,CONFIRMED,Delhi-Jaipur,Adult,Medium
2211,Priya Shah,46,F,B05,RT4,2024-06-28,519,CANCELLED,Hyderabad-Goa,Adult,Medium
2212,Sakshi Gupta,42,F,B06,RT4,2024-04-25,401,CANCELLED,Hyderabad-Goa,Adult,Low
2213,Deepa Yadav,87,m,B05,RT6,2024-06-09,514,CANCELLED,Ahmedabad-Surat,Senior,Medium
2215,Raj Singh,89,f,B01,RT1,2024-06-04,503,CONFIRMED,Delhi-Jaipur,Senior,Medium
2218,Neeraj Kumar,75,F,B01,RT2,2024-04-28,546,CANCELLED,Mumbai-Pune,Senior,Medium
2219,Aarti Malhotra,99,M,B05,RT4,2024-06-19,677,CONFIRMED,Hyderabad-Goa,Senior,High
2220,Priya Arora,53,f,B01,RT5,2024-04-28,565,CONFIRMED,Kolkata-Patna,Adult,Medium
2222,Ashok Das,93,F,B06,RT3,2024-04-17,439,CONFIRMED,Bangalore-Chennai,Senior,Low
2223,Sneha Sharma,43,m,B06,RT3,2024-05-25,510,CONFIRMED,Bangalore-Chennai,Adult,Medium
2225,Sachin Arora,28,F,B03,RT5,2024-06-27,622,CANCELLED,Kolkata-Patna,Adult,High
2226,Nitin Sharma,37,f,B05,RT4,2024-06-19,551,CONFIRMED,Hyderabad-Goa,Adult,Medium
2227,Mohan Kapoor,72,f,B04,RT2,2024-05-30,675,CANCELLED,Mumbai-Pune,Senior,High
2229,Ramesh Shah,14,m,B03,RT6,2024-05-28,630,CANCELLED,Ahmedabad-Surat,Minor,High
2234,Ritu Patel,96,M,B02,RT4,2024-05-21,432,CONFIRMED,Hyderabad-Goa,Senior,Low
2239,Priyanka Sharma,81,F,B05,RT5,2024-05-24,459,CONFIRMED,Kolkata-Patna,Senior,Low
2240,Gaurav Kapoor,4,f,B01,RT3,2024-06-25,538,CONFIRMED,Bangalore-Chennai,Minor,Medium
2241,Anjali Verma,37,f,B01,RT4,2024-05-19,582,CONFIRMED,Hyderabad-Goa,Adult,Medium
2242,Mohan Malhotra,79,F,B06,RT4,2024-05-12,699,CANCELLED,Hyderabad-Goa,Senior,High
2243,Alok Yadav,74,M,B04,RT6,2024-05-12,405,CANCELLED,Ahmedabad-Surat,Senior,Low
2245,Aarti Das,100,m,B05,RT2,2024-06-12,560,CANCELLED,Mumbai-Pune,Senior,Medium
2247,Arjun Kumar,4,f,B03,RT5,2024-06-25,447,CONFIRMED,Kolkata-Patna,Minor,Low
2249,Ankit Yadav,11,M,B05,RT6,2024-04-21,577,CONFIRMED,Ahmedabad-Surat,Minor,Medium
2251,Priyanka Verma,93,f,B06,RT1,2024-06-09,696,CANCELLED,Delhi-Jaipur,Senior,High
2252,Raj Verma,32,F,B03,RT5,2024-04-26,466,CONFIRMED,Kolkata-Patna,Adult,Low
2253,Raj Verma,87,f,B03,RT5,2024-05-16,632,CANCELLED,Kolkata-Patna,Senior,High
2254,Aarti Patel,40,m,B01,RT5,2024-06-07,550,CONFIRMED,Kolkata-Patna,Adult,Medium
2255,Priya Sharma,44,m,B01,RT3,2024-05-25,584,CANCELLED,Bangalore-Chennai,Adult,Medium
2256,Neeraj Sharma,74,m,B06,RT6,2024-04-23,527,CANCELLED,Ahmedabad-Surat,Senior,Medium
2257,Arjun Shah,55,M,B06,RT2,2024-05-21,638,CONFIRMED,Mumbai-Pune,Adult,High
2258,Raj Shah,27,M,B02,RT6,2024-04-12,626,CONFIRMED,Ahmedabad-Surat,Adult,High
2260,Gaurav Das,56,M,B05,RT1,2024-04-26,668,CANCELLED,Delhi-Jaipur,Adult,High
2261,Reena Sharma,85,F,B03,RT6,2024-05-06,608,CANCELLED,Ahmedabad-Surat,Senior,High
2263,Prakash Patel,58,F,B01,RT4,2024-04-16,511,CANCELLED,Hyderabad-Goa,Adult,Medium
2265,Neeraj Shah,67,m,B06,RT1,2024-06-07,654,CANCELLED,Delhi-Jaipur,Senior,High
2266,Prakash Patel,16,F,B03,RT2,2024-05-11,454,CONFIRMED,Mumbai-Pune,Minor,Low
2267,Ramesh Kumar,52,f,B05,RT2,2024-06-13,700,CANCELLED,Mumbai-Pune,Adult,High
2268,Prakash Gupta,69,f,B05,RT2,2024-06-12,668,CANCELLED,Mumbai-Pune,Senior,High
2269,Anita Shah,2,F,B01,RT5,2024-04-22,449,CONFIRMED,Kolkata-Patna,Minor,Low
2270,Simran Verma,77,f,B05,RT3,2024-04-23,534,CANCELLED,Bangalore-Chennai,Senior,Medium
2271,Raj Das,70,M,B01,RT4,2024-04-20,538,CANCELLED,Hyderabad-Goa,Senior,Medium
2273,Neeraj Jain,5,M,B04,RT5,2024-05-17,465,CONFIRMED,Kolkata-Patna,Minor,Low
2275,Gaurav Kumar,96,F,B06,RT1,2024-06-29,644,CONFIRMED,Delhi-Jaipur,Senior,High
2277,Ritu Kapoor,37,M,B05,RT2,2024-06-18,466,CANCELLED,Mumbai-Pune,Adult,Low
2278,Mehul Shah,27,f,B06,RT1,2024-05-12,486,CANCELLED,Delhi-Jaipur,Adult,Low
2279,Ritu Jain,37,m,B03,RT5,2024-04-01,510,CONFIRMED,Kolkata-Patna,Adult,Medium
2280,Karan Sharma,34,F,B04,RT6,2024-04-21,569,CANCELLED,Ahmedabad-Surat,Adult,Medium
2281,Sakshi Gupta,51,M,B04,RT4,2024-05-15,424,CANCELLED,Hyderabad-Goa,Adult,Low
2282,Gaurav Kumar,91,F,B06,RT3,2024-05-31,652,CANCELLED,Bangalore-Chennai,Senior,High
2283,Nitin Kapoor,39,M,B03,RT4,2024-05-13,605,CONFIRMED,Hyderabad-Goa,Adult,High
2286,Ankit Gupta,8,F,B02,RT3,2024-06-09,575,CANCELLED,Bangalore-Chennai,Minor,Medium
2287,Mohan Patel,49,F,B06,RT2,2024-04-01,693,CANCELLED,Mumbai-Pune,Adult,High
2288,Sneha Gupta,31,f,B01,RT1,2024-04-21,616,CONFIRMED,Delhi-Jaipur,Adult,High
2289,Suresh Shah,33,m,B06,RT5,2024-06-17,421,CANCELLED,Kolkata-Patna,Adult,Low
2290,Sakshi Sharma,48,m,B06,RT1,2024-06-03,665,CONFIRMED,Delhi-Jaipur,Adult,High
2293,Ritu Sharma,53,f,B06,RT2,2024-05-08,511,CANCELLED,Mumbai-Pune,Adult,Medium
2296,Neha Gupta,48,M,B01,RT3,2024-04-30,515,CANCELLED,Bangalore-Chennai,Adult,Medium
2299,Suresh Patel,71,M,B02,RT1,2024-04-16,540,CONFIRMED,Delhi-Jaipur,Senior,Medium
2300,Pooja Yadav,14,M,B02,RT2,2024-05-06,608,CANCELLED,Mumbai-Pune,Minor,High
2301,Deepa Malhotra,86,M,B02,RT3,2024-04-28,671,CANCELLED,Bangalore-Chennai,Senior,High
2302,Neha Mehta,69,f,B01,RT4,2024-04-22,696,CANCELLED,Hyderabad-Goa,Senior,High
2303,Pooja Gupta,78,m,B02,RT5,2024-05-14,483,CONFIRMED,Kolkata-Patna,Senior,Low
2304,Neeraj Kapoor,73,f,B01,RT3,2024-04-24,566,CONFIRMED,Bangalore-Chennai,Senior,Medium
2306,Anita Verma,73,M,B06,RT4,2024-05-29,595,CANCELLED,Hyderabad-Goa,Senior,Medium
2308,Mehul Kumar,26,F,B04,RT2,2024-05-20,411,CONFIRMED,Mumbai-Pune,Adult,Low
2309,Simran Gupta,51,f,B03,RT6,2024-04-09,663,CANCELLED,Ahmedabad-Surat,Adult,High
2310,Nitin Arora,61,F,B04,RT4,2024-05-21,551,CONFIRMED,Hyderabad-Goa,Senior,Medium
2314,Ramesh Sharma,76,M,B01,RT3,2024-04-03,580,CONFIRMED,Bangalore-Chennai,Senior,Medium
2315,Ankit Das,22,M,B06,RT4,2024-06-02,450,CONFIRMED,Hyderabad-Goa,Adult,Low
2316,Amit Singh,40,m,B03,RT1,2024-06-12,686,CANCELLED,Delhi-Jaipur,Adult,High
2317,Nitin Yadav,49,f,B03,RT1,2024-04-10,455,CONFIRMED,Delhi-Jaipur,Adult,Low
2319,Sneha Patel,77,M,B03,RT3,2024-05-05,411,CONFIRMED,Bangalore-Chennai,Senior,Low
2321,Sneha Kumar,5,M,B02,RT6,2024-05-17,582,CONFIRMED,Ahmedabad-Surat,Minor,Medium
2322,Sachin Kapoor,88,F,B06,RT3,2024-05-21,474,CANCELLED,Bangalore-Chennai,Senior,Low
2323,Rohit Singh,87,M,B04,RT2,2024-06-30,526,CONFIRMED,Mumbai-Pune,Senior,Medium
2324,Gaurav Sharma,71,f,B04,RT1,2024-04-16,687,CONFIRMED,Delhi-Jaipur,Senior,High
2325,Sneha Singh,80,m,B06,RT3,2024-05-28,565,CONFIRMED,Bangalore-Chennai,Senior,Medium
2328,Ritu Gupta,28,F,B02,RT6,2024-06-05,657,CANCELLED,Ahmedabad-Surat,Adult,High
2329,Sachin Patel,54,F,B06,RT3,2024-04-08,498,CANCELLED,Bangalore-Chennai,Adult,Low
2330,Meena Mehta,71,M,B03,RT1,2024-06-18,474,CANCELLED,Delhi-Jaipur,Senior,Low
2332,Ritu Arora,54,M,B05,RT4,2024-04-27,518,CANCELLED,Hyderabad-Goa,Adult,Medium
2333,Gaurav Kumar,95,M,B05,RT3,2024-05-13,545,CONFIRMED,Bangalore-Chennai,Senior,Medium
2338,Alok Patel,49,F,B03,RT5,2024-04-06,412,CONFIRMED,Kolkata-Patna,Adult,Low
2341,Ritu Arora,1,F,B03,RT5,2024-06-30,522,CONFIRMED,Kolkata-Patna,Minor,Medium
2342,Reena Das,77,F,B03,RT1,2024-05-02,538,CONFIRMED,Delhi-Jaipur,Senior,Medium
2344,Sneha Shah,96,M,B03,RT3,2024-05-14,534,CONFIRMED,Bangalore-Chennai,Senior,Medium
2345,Prakash Malhotra,47,f,B05,RT6,2024-05-01,422,CONFIRMED,Ahmedabad-Surat,Adult,Low
2349,Ritu Patel,44,m,B03,RT5,2024-05-18,575,CANCELLED,Kolkata-Patna,Adult,Medium
2350,Anita Sharma,45,M,B01,RT5,2024-05-25,688,CONFIRMED,Kolkata-Patna,Adult,High
2351,Lata Jain,50,F,B01,RT4,2024-05-12,519,CANCELLED,Hyderabad-Goa,Adult,Medium
2352,Sakshi Verma,56,m,B01,RT2,2024-04-15,511,CANCELLED,Mumbai-Pune,Adult,Medium
2353,Vivek Jain,19,M,B02,RT6,2024-05-27,679,CONFIRMED,Ahmedabad-Surat,Adult,High
2354,Mohan Gupta,32,f,B02,RT2,2024-05-27,489,CONFIRMED,Mumbai-Pune,Adult,Low
2355,Ramesh Singh,36,m,B06,RT4,2024-05-09,446,CANCELLED,Hyderabad-Goa,Adult,Low
2356,Manoj Shah,93,F,B04,RT1,2024-06-18,653,CONFIRMED,Delhi-Jaipur,Senior,High
2358,Divya Kumar,99,M,B06,RT5,2024-06-30,412,CANCELLED,Kolkata-Patna,Senior,Low
2360,Anita Kumar,66,f,B04,RT5,2024-05-15,699,CONFIRMED,Kolkata-Patna,Senior,High
2361,Mohan Mehta,37,M,B03,RT3,2024-05-29,525,CANCELLED,Bangalore-Chennai,Adult,Medium
2362,Ashok Yadav,75,M,B05,RT3,2024-06-15,567,CANCELLED,Bangalore-Chennai,Senior,Medium
2363,Vivek Arora,25,m,B04,RT1,2024-06-21,612,CANCELLED,Delhi-Jaipur,Adult,High
2364,Neha Verma,92,F,B04,RT6,2024-06-26,692,CANCELLED,Ahmedabad-Surat,Senior,High
2365,Rohit Shah,85,m,B03,RT2,2024-06-30,615,CONFIRMED,Mumbai-Pune,Senior,High
2367,Deepa Gupta,100,f,B04,RT6,2024-06-10,459,CANCELLED,Ahmedabad-Surat,Senior,Low
2368,Arjun Patel,27,F,B06,RT1,2024-06-03,503,CONFIRMED,Delhi-Jaipur,Adult,Medium
2371,Manoj Arora,78,M,B01,RT3,2024-04-14,612,CONFIRMED,Bangalore-Chennai,Senior,High
2372,Sunil Singh,9,m,B01,RT5,2024-06-29,602,CANCELLED,Kolkata-Patna,Minor,High
2373,Priyanka Sharma,19,f,B02,RT4,2024-05-12,508,CANCELLED,Hyderabad-Goa,Adult,Medium
2374,Ankit Kapoor,89,F,B02,RT6,2024-06-06,447,CONFIRMED,Ahmedabad-Surat,Senior,Low
2375,Ankit Jain,46,F,B03,RT1,2024-04-25,669,CONFIRMED,Delhi-Jaipur,Adult,High
2376,Karan Mehta,34,m,B05,RT3,2024-05-23,592,CONFIRMED,Bangalore-Chennai,Adult,Medium
2377,Gaurav Arora,67,F,B05,RT5,2024-05-16,561,CANCELLED,Kolkata-Patna,Senior,Medium
2378,Mehul Jain,80,F,B01,RT4,2024-04-15,608,CONFIRMED,Hyderabad-Goa,Senior,High
2379,Mohan Gupta,26,F,B06,RT2,2024-04-28,466,CANCELLED,Mumbai-Pune,Adult,Low
2384,Sachin Das,44,F,B06,RT2,2024-06-10,430,CANCELLED,Mumbai-Pune,Adult,Low
2387,Nitin Sharma,4,M,B05,RT4,2024-06-23,563,CONFIRMED,Hyderabad-Goa,Minor,Medium
2388,Vikas Das,70,M,B04,RT3,2024-04-12,663,CANCELLED,Bangalore-Chennai,Senior,High
2391,Ramesh Singh,32,f,B05,RT3,2024-04-08,666,CANCELLED,Bangalore-Chennai,Adult,High
2392,Sunil Das,100,m,B03,RT3,2024-05-05,593,CANCELLED,Bangalore-Chennai,Senior,Medium
2397,Lata Mehta,88,M,B02,RT1,2024-06-19,531,CANCELLED,Delhi-Jaipur,Senior,Medium
2399,Payal Gupta,25,m,B04,RT6,2024-05-26,548,CONFIRMED,Ahmedabad-Surat,Adult,Medium
2402,Simran Das,55,M,B05,RT3,2024-05-25,477,CANCELLED,Bangalore-Chennai,Adult,Low
2404,Amit Gupta,20,f,B02,RT1,2024-05-02,615,CONFIRMED,Delhi-Jaipur,Adult,High
2405,Neeraj Yadav,99,f,B01,RT4,2024-05-09,537,CANCELLED,Hyderabad-Goa,Senior,Medium
2407,Divya Malhotra,35,m,B01,RT6,2024-05-14,657,CANCELLED,Ahmedabad-Surat,Adult,High
2408,Ashok Yadav,41,m,B03,RT6,2024-06-26,697,CONFIRMED,Ahmedabad-Surat,Adult,High
2412,Rahul Singh,74,f,B05,RT1,2024-05-07,533,CONFIRMED,Delhi-Jaipur,Senior,Medium
2413,Amit Malhotra,70,F,B04,RT4,2024-05-22,414,CANCELLED,Hyderabad-Goa,Senior,Low
2414,Amit Gupta,17,f,B03,RT4,2024-04-21,622,CONFIRMED,Hyderabad-Goa,Minor,High
2415,Neha Arora,96,m,B02,RT3,2024-05-18,675,CONFIRMED,Bangalore-Chennai,Senior,High
2416,Amit Yadav,2,m,B02,RT3,2024-06-13,599,CANCELLED,Bangalore-Chennai,Minor,Medium
2420,Vikas Singh,53,m,B04,RT4,2024-04-07,657,CONFIRMED,Hyderabad-Goa,Adult,High
2421,Mehul Sharma,98,M,B06,RT4,2024-05-28,618,CANCELLED,Hyderabad-Goa,Senior,High
2422,Alok Gupta,60,m,B06,RT5,2024-05-30,672,CANCELLED,Kolkata-Patna,Adult,High
2424,Arjun Patel,73,F,B05,RT5,2024-06-09,466,CANCELLED,Kolkata-Patna,Senior,Low
2425,Kavita Arora,84,M,B06,RT5,2024-05-24,621,CONFIRMED,Kolkata-Patna,Senior,High
2429,Ramesh Singh,24,M,B04,RT2,2024-04-15,614,CANCELLED,Mumbai-Pune,Adult,High
2431,Ramesh Malhotra,35,f,B03,RT6,2024-04-24,415,CANCELLED,Ahmedabad-Surat,Adult,Low
2433,Anjali Shah,92,f,B03,RT4,2024-06-11,631,CANCELLED,Hyderabad-Goa,Senior,High
2434,Amit Kapoor,68,f,B05,RT1,2024-04-17,673,CONFIRMED,Delhi-Jaipur,Senior,High
2435,Mohan Das,80,f,B06,RT2,2024-05-19,507,CANCELLED,Mumbai-Pune,Senior,Medium
2437,Reena Patel,85,m,B03,RT4,2024-05-02,449,CANCELLED,Hyderabad-Goa,Senior,Low
2438,Meena Sharma,93,M,B05,RT5,2024-04-14,651,CANCELLED,Kolkata-Patna,Senior,High
2439,Anita Arora,41,f,B05,RT1,2024-04-26,528,CANCELLED,Delhi-Jaipur,Adult,Medium
2440,Payal Jain,5,f,B06,RT5,2024-04-01,482,CANCELLED,Kolkata-Patna,Minor,Low
2441,Karan Arora,26,m,B03,RT4,2024-05-11,579,CONFIRMED,Hyderabad-Goa,Adult,Medium
2444,Nitin Shah,8,m,B05,RT4,2024-04-20,496,CONFIRMED,Hyderabad-Goa,Minor,Low
2445,Aarti Jain,92,f,B06,RT1,2024-04-04,484,CANCELLED,Delhi-Jaipur,Senior,Low
2447,Sachin Gupta,72,F,B05,RT1,2024-05-30,591,CANCELLED,Delhi-Jaipur,Senior,Medium
2448,Ramesh Kumar,37,m,B02,RT5,2024-06-13,651,CONFIRMED,Kolkata-Patna,Adult,High
2449,Amit Singh,42,F,B05,RT4,2024-05-26,540,CANCELLED,Hyderabad-Goa,Adult,Medium
2450,Aarti Verma,33,F,B02,RT1,2024-04-14,597,CANCELLED,Delhi-Jaipur,Adult,Medium
2451,Ramesh Patel,52,m,B05,RT1,2024-05-31,612,CANCELLED,Delhi-Jaipur,Adult,High
2453,Meena Shah,87,F,B01,RT1,2024-04-01,503,CANCELLED,Delhi-Jaipur,Senior,Medium
2456,Sakshi Verma,56,F,B02,RT3,2024-05-15,700,CANCELLED,Bangalore-Chennai,Adult,High
2457,Neeraj Kapoor,94,m,B03,RT1,2024-04-26,625,CONFIRMED,Delhi-Jaipur,Senior,High
2458,Neeraj Mehta,91,M,B01,RT6,2024-04-19,432,CANCELLED,Ahmedabad-Surat,Senior,Low
2460,Ankit Mehta,69,m,B01,RT6,2024-04-15,472,CONFIRMED,Ahmedabad-Surat,Senior,Low
2464,Pooja Mehta,81,M,B06,RT3,2024-04-29,685,CANCELLED,Bangalore-Chennai,Senior,High
2465,Manoj Sharma,86,f,B03,RT3,2024-04-09,690,CONFIRMED,Bangalore-Chennai,Senior,High
2466,Rohit Kumar,7,m,B01,RT2,2024-05-11,495,CONFIRMED,Mumbai-Pune,Minor,Low
2467,Raj Kapoor,10,M,B03,RT4,2024-04-25,429,CONFIRMED,Hyderabad-Goa,Minor,Low
2468,Lata Shah,75,m,B01,RT6,2024-06-13,644,CONFIRMED,Ahmedabad-Surat,Senior,High
2470,Mohan Arora,24,f,B04,RT6,2024-06-15,605,CONFIRMED,Ahmedabad-Surat,Adult,High
2471,Vikas Jain,54,f,B06,RT1,2024-05-19,407,CANCELLED,Delhi-Jaipur,Adult,Low
2472,Ankit Verma,80,f,B04,RT4,2024-06-30,420,CANCELLED,Hyderabad-Goa,Senior,Low
2475,Rahul Kapoor,59,F,B05,RT6,2024-06-06,472,CONFIRMED,Ahmedabad-Surat,Adult,Low
2476,Sakshi Jain,24,m,B02,RT3,2024-05-05,473,CONFIRMED,Bangalore-Chennai,Adult,Low
2477,Priya Singh,72,f,B02,RT6,2024-05-06,578,CONFIRMED,Ahmedabad-Surat,Senior,Medium
2478,Simran Gupta,57,F,B05,RT6,2024-06-15,515,CANCELLED,Ahmedabad-Surat,Adult,Medium
2479,Mohan Verma,98,m,B05,RT6,2024-05-29,541,CONFIRMED,Ahmedabad-Surat,Senior,Medium
2480,Manoj Gupta,81,f,B05,RT1,2024-04-21,685,CANCELLED,Delhi-Jaipur,Senior,High
2482,Gaurav Verma,20,M,B02,RT5,2024-04-13,485,CANCELLED,Kolkata-Patna,Adult,Low
2483,Ramesh Patel,93,F,B03,RT6,2024-06-06,596,CONFIRMED,Ahmedabad-Surat,Senior,Medium
2485,Prakash Patel,96,m,B01,RT4,2024-06-01,674,CANCELLED,Hyderabad-Goa,Senior,High
2486,Sneha Patel,46,m,B03,RT6,2024-04-02,557,CONFIRMED,Ahmedabad-Surat,Adult,Medium
2488,Payal Singh,27,F,B03,RT4,2024-04-07,427,CANCELLED,Hyderabad-Goa,Adult,Low
2489,Rahul Singh,51,f,B06,RT5,2024-06-05,473,CANCELLED,Kolkata-Patna,Adult,Low
2490,Raj Sharma,14,m,B05,RT2,2024-04-14,663,CANCELLED,Mumbai-Pune,Minor,High
2492,Ashok Arora,38,M,B03,RT6,2024-05-16,499,CONFIRMED,Ahmedabad-Surat,Adult,Low
2497,Rahul Arora,21,M,B04,RT5,2024-04-16,478,CONFIRMED,Kolkata-Patna,Adult,Low
2501,Priya Gupta,86,M,B03,RT4,2024-04-17,623,CONFIRMED,Hyderabad-Goa,Senior,High
2503,Sneha Singh,13,F,B06,RT1,2024-06-11,604,CONFIRMED,Delhi-Jaipur,Minor,High
2505,Simran Sharma,70,m,B05,RT3,2024-06-10,620,CONFIRMED,Bangalore-Chennai,Senior,High
2506,Alok Das,77,M,B05,RT2,2024-04-08,464,CONFIRMED,Mumbai-Pune,Senior,Low
2507,Gaurav Gupta,18,f,B06,RT6,2024-05-29,697,CONFIRMED,Ahmedabad-Surat,Adult,High
2508,Sachin Sharma,67,f,B05,RT4,2024-05-23,695,CONFIRMED,Hyderabad-Goa,Senior,High
2510,Rohit Gupta,10,m,B06,RT2,2024-04-11,523,CONFIRMED,Mumbai-Pune,Minor,Medium
2512,Vivek Das,36,M,B04,RT2,2024-05-21,678,CANCELLED,Mumbai-Pune,Adult,High
2514,Prakash Malhotra,31,m,B06,RT5,2024-04-21,594,CANCELLED,Kolkata-Patna,Adult,Medium
2516,Rahul Yadav,28,m,B06,RT5,2024-04-23,529,CONFIRMED,Kolkata-Patna,Adult,Medium
2519,Sachin Sharma,78,f,B04,RT5,2024-06-12,639,CONFIRMED,Kolkata-Patna,Senior,High
2520,Priyanka Jain,46,F,B04,RT6,2024-04-16,564,CONFIRMED,Ahmedabad-Surat,Adult,Medium
2521,Lata Gupta,60,F,B02,RT1,2024-04-11,488,CONFIRMED,Delhi-Jaipur,Adult,Low
2522,Arjun Singh,14,f,B05,RT6,2024-05-30,577,CANCELLED,Ahmedabad-Surat,Minor,Medium
2524,Suresh Verma,31,M,B02,RT4,2024-05-29,474,CONFIRMED,Hyderabad-Goa,Adult,Low
2525,Priyanka Verma,77,F,B06,RT6,2024-04-20,554,CANCELLED,Ahmedabad-Surat,Senior,Medium
2526,Mehul Shah,88,F,B05,RT1,2024-05-11,671,CONFIRMED,Delhi-Jaipur,Senior,High
2528,Meena Shah,47,M,B05,RT4,2024-05-11,466,CANCELLED,Hyderabad-Goa,Adult,Low
2530,Ramesh Kumar,70,m,B06,RT3,2024-04-29,517,CANCELLED,Bangalore-Chennai,Senior,Medium
2532,Prakash Gupta,61,f,B02,RT2,2024-06-16,476,CONFIRMED,Mumbai-Pune,Senior,Low
2533,Neeraj Verma,60,M,B01,RT1,2024-04-08,538,CONFIRMED,Delhi-Jaipur,Adult,Medium
2534,Meena Patel,90,M,B03,RT5,2024-05-26,646,CANCELLED,Kolkata-Patna,Senior,High
2536,Neeraj Yadav,95,F,B05,RT2,2024-05-12,458,CANCELLED,Mumbai-Pune,Senior,Low
2537,Simran Yadav,80,m,B05,RT5,2024-05-12,411,CANCELLED,Kolkata-Patna,Senior,Low
2538,Reena Gupta,7,F,B06,RT5,2024-05-24,611,CANCELLED,Kolkata-Patna,Minor,High
2540,Amit Verma,77,F,B02,RT4,2024-05-29,486,CANCELLED,Hyderabad-Goa,Senior,Low
2541,Priya Kumar,65,M,B03,RT5,2024-04-16,526,CANCELLED,Kolkata-Patna,Senior,Medium
2542,Gaurav Das,55,m,B02,RT2,2024-06-26,620,CONFIRMED,Mumbai-Pune,Adult,High
2546,Priyanka Shah,19,F,B06,RT1,2024-06-30,422,CONFIRMED,Delhi-Jaipur,Adult,Low
2547,Meena Das,66,M,B03,RT1,2024-06-05,658,CANCELLED,Delhi-Jaipur,Senior,High
2548,Anjali Patel,61,M,B02,RT1,2024-05-02,534,CANCELLED,Delhi-Jaipur,Senior,Medium
2549,Amit Gupta,54,F,B02,RT5,2024-04-27,662,CONFIRMED,Kolkata-Patna,Adult,High
2551,Amit Das,77,f,B05,RT4,2024-05-31,405,CANCELLED,Hyderabad-Goa,Senior,Low
2552,Aarti Singh,59,m,B05,RT5,2024-04-05,529,CANCELLED,Kolkata-Patna,Adult,Medium
2554,Arjun Kapoor,20,m,B06,RT2,2024-06-14,665,CANCELLED,Mumbai-Pune,Adult,High
2555,Mehul Kapoor,23,M,B04,RT3,2024-04-23,655,CANCELLED,Bangalore-Chennai,Adult,High
2556,Priyanka Mehta,58,M,B06,RT2,2024-04-20,631,CANCELLED,Mumbai-Pune,Adult,High
2557,Mohan Verma,18,F,B02,RT3,2024-06-03,690,CANCELLED,Bangalore-Chennai,Adult,High
2558,Sachin Arora,38,M,B04,RT3,2024-04-02,691,CANCELLED,Bangalore-Chennai,Adult,High
2559,Mohan Jain,46,M,B04,RT3,2024-06-20,619,CONFIRMED,Bangalore-Chennai,Adult,High
2560,Amit Jain,85,f,B04,RT1,2024-05-09,499,CANCELLED,Delhi-Jaipur,Senior,Low
2562,Kavita Patel,79,F,B04,RT4,2024-04-21,581,CANCELLED,Hyderabad-Goa,Senior,Medium
2566,Reena Verma,92,m,B01,RT5,2024-04-17,431,CANCELLED,Kolkata-Patna,Senior,Low
2571,Deepa Verma,86,f,B04,RT5,2024-06-18,650,CONFIRMED,Kolkata-Patna,Senior,High
2572,Meena Verma,99,M,B03,RT4,2024-06-23,617,CANCELLED,Hyderabad-Goa,Senior,High
2575,Sachin Singh,49,M,B02,RT1,2024-05-30,537,CONFIRMED,Delhi-Jaipur,Adult,Medium
2576,Raj Singh,29,f,B06,RT1,2024-06-04,554,CANCELLED,Delhi-Jaipur,Adult,Medium
2577,Anjali Jain,73,m,B06,RT3,2024-04-25,490,CANCELLED,Bangalore-Chennai,Senior,Low
2578,Priyanka Singh,48,F,B01,RT4,2024-06-13,695,CANCELLED,Hyderabad-Goa,Adult,High
2582,Anita Shah,13,M,B02,RT2,2024-05-27,552,CANCELLED,Mumbai-Pune,Minor,Medium
2583,Sachin Kumar,90,M,B06,RT3,2024-06-22,514,CONFIRMED,Bangalore-Chennai,Senior,Medium
2584,Sunil Mehta,41,m,B05,RT1,2024-05-10,639,CANCELLED,Delhi-Jaipur,Adult,High
2585,Ashok Sharma,21,m,B01,RT3,2024-05-26,660,CANCELLED,Bangalore-Chennai,Adult,High
2586,Ankit Gupta,41,M,B06,RT1,2024-05-17,481,CONFIRMED,Delhi-Jaipur,Adult,Low
2589,Arjun Verma,33,f,B03,RT2,2024-06-30,406,CANCELLED,Mumbai-Pune,Adult,Low
2590,Karan Arora,39,F,B04,RT2,2024-05-27,585,CANCELLED,Mumbai-Pune,Adult,Medium
2592,Anita Jain,96,F,B03,RT3,2024-06-14,625,CONFIRMED,Bangalore-Chennai,Senior,High
2593,Ashok Gupta,25,F,B02,RT4,2024-05-28,549,CONFIRMED,Hyderabad-Goa,Adult,Medium
2595,Manoj Yadav,81,f,B06,RT2,2024-04-25,408,CANCELLED,Mumbai-Pune,Senior,Low
2597,Ankit Mehta,17,M,B01,RT2,2024-06-30,625,CANCELLED,Mumbai-Pune,Minor,High
2598,Alok Gupta,18,M,B01,RT5,2024-04-06,587,CONFIRMED,Kolkata-Patna,Adult,Medium
2599,Ritu Patel,46,m,B01,RT2,2024-04-07,612,CANCELLED,Mumbai-Pune,Adult,High
2601,Raj Singh,56,F,B04,RT6,2024-05-08,533,CANCELLED,Ahmedabad-Surat,Adult,Medium
2602,Deepa Malhotra,2,m,B06,RT5,2024-05-15,532,CONFIRMED,Kolkata-Patna,Minor,Medium
2603,Deepa Patel,32,F,B04,RT6,2024-04-25,423,CONFIRMED,Ahmedabad-Surat,Adult,Low
2605,Ashok Gupta,94,f,B02,RT6,2024-04-19,427,CONFIRMED,Ahmedabad-Surat,Senior,Low
2609,Ramesh Mehta,96,F,B01,RT3,2024-04-15,469,CONFIRMED,Bangalore-Chennai,Senior,Low
2610,Nitin Jain,35,F,B02,RT6,2024-06-25,488,CONFIRMED,Ahmedabad-Surat,Adult,Low
2611,Karan Das,67,F,B02,RT4,2024-04-16,480,CANCELLED,Hyderabad-Goa,Senior,Low
2612,Pooja Arora,24,M,B04,RT3,2024-05-27,561,CONFIRMED,Bangalore-Chennai,Adult,Medium
2613,Priya Mehta,64,m,B06,RT3,2024-05-19,624,CONFIRMED,Bangalore-Chennai,Senior,High
2615,Reena Das,4,m,B05,RT6,2024-05-06,677,CONFIRMED,Ahmedabad-Surat,Minor,High
2616,Meena Gupta,5,F,B01,RT5,2024-06-16,476,CONFIRMED,Kolkata-Patna,Minor,Low
2617,Lata Shah,97,m,B05,RT4,2024-04-05,578,CANCELLED,Hyderabad-Goa,Senior,Medium
2618,Lata Kumar,56,m,B03,RT5,2024-05-09,619,CANCELLED,Kolkata-Patna,Adult,High
2619,Alok Mehta,45,F,B01,RT2,2024-05-23,452,CANCELLED,Mumbai-Pune,Adult,Low
2620,Vikas Malhotra,42,m,B01,RT3,2024-05-30,477,CANCELLED,Bangalore-Chennai,Adult,Low
2621,Ankit Das,54,F,B02,RT2,2024-06-22,696,CANCELLED,Mumbai-Pune,Adult,High
2622,Simran Patel,89,f,B06,RT5,2024-04-15,523,CANCELLED,Kolkata-Patna,Senior,Medium
2623,Rahul Malhotra,42,F,B03,RT2,2024-04-21,694,CANCELLED,Mumbai-Pune,Adult,High
2627,Anita Arora,62,M,B06,RT1,2024-06-20,525,CONFIRMED,Delhi-Jaipur,Senior,Medium
2628,Simran Kumar,34,F,B01,RT5,2024-06-10,415,CONFIRMED,Kolkata-Patna,Adult,Low
2630,Ramesh Mehta,30,F,B03,RT1,2024-04-20,484,CANCELLED,Delhi-Jaipur,Adult,Low
2631,Pooja Das,82,F,B05,RT6,2024-05-09,477,CONFIRMED,Ahmedabad-Surat,Senior,Low
2632,Pooja Sharma,100,m,B03,RT4,2024-06-17,564,CANCELLED,Hyderabad-Goa,Senior,Medium
2633,Aarti Gupta,1,M,B03,RT2,2024-05-19,558,CONFIRMED,Mumbai-Pune,Minor,Medium
2634,Divya Arora,28,m,B01,RT6,2024-06-21,413,CONFIRMED,Ahmedabad-Surat,Adult,Low
2635,Vikas Jain,2,F,B05,RT1,2024-04-10,522,CANCELLED,Delhi-Jaipur,Minor,Medium
2637,Neha Patel,58,F,B05,RT6,2024-05-28,691,CANCELLED,Ahmedabad-Surat,Adult,High
2638,Divya Arora,74,f,B04,RT4,2024-06-19,508,CONFIRMED,Hyderabad-Goa,Senior,Medium
2639,Aarti Gupta,44,M,B06,RT4,2024-05-20,414,CANCELLED,Hyderabad-Goa,Adult,Low
2640,Arjun Mehta,97,M,B04,RT6,2024-05-17,509,CANCELLED,Ahmedabad-Surat,Senior,Medium
2641,Priyanka Das,9,M,B01,RT1,2024-06-26,504,CONFIRMED,Delhi-Jaipur,Minor,Medium
2642,Sakshi Kumar,18,f,B03,RT4,2024-05-24,492,CONFIRMED,Hyderabad-Goa,Adult,Low
2643,Anjali Shah,66,m,B06,RT3,2024-06-27,620,CONFIRMED,Bangalore-Chennai,Senior,High
2646,Ritu Gupta,36,M,B06,RT3,2024-04-11,423,CONFIRMED,Bangalore-Chennai,Adult,Low
2649,Pooja Arora,89,M,B06,RT1,2024-06-27,695,CONFIRMED,Delhi-Jaipur,Senior,High
2651,Priyanka Das,31,m,B06,RT6,2024-06-24,604,CONFIRMED,Ahmedabad-Surat,Adult,High
2652,Alok Sharma,73,f,B05,RT6,2024-05-03,439,CANCELLED,Ahmedabad-Surat,Senior,Low
2653,Suresh Shah,10,m,B05,RT2,2024-06-13,646,CANCELLED,Mumbai-Pune,Minor,High
2654,Simran Malhotra,26,F,B01,RT4,2024-04-28,555,CONFIRMED,Hyderabad-Goa,Adult,Medium
2656,Reena Sharma,84,F,B02,RT6,2024-04-22,555,CONFIRMED,Ahmedabad-Surat,Senior,Medium
2657,Pooja Shah,94,M,B02,RT2,2024-06-27,589,CANCELLED,Mumbai-Pune,Senior,Medium
2658,Ankit Gupta,62,M,B02,RT3,2024-06-10,698,CONFIRMED,Bangalore-Chennai,Senior,High
2659,Gaurav Das,80,F,B03,RT6,2024-06-01,425,CONFIRMED,Ahmedabad-Surat,Senior,Low
2660,Rohit Kumar,97,M,B06,RT4,2024-04-26,434,CANCELLED,Hyderabad-Goa,Senior,Low
2664,Amit Sharma,19,f,B02,RT5,2024-06-28,523,CONFIRMED,Kolkata-Patna,Adult,Medium
2666,Sakshi Gupta,64,M,B01,RT6,2024-04-04,504,CONFIRMED,Ahmedabad-Surat,Senior,Medium
2667,Divya Kapoor,11,f,B05,RT1,2024-05-06,657,CONFIRMED,Delhi-Jaipur,Minor,High
2668,Kavita Verma,100,F,B01,RT4,2024-04-14,628,CONFIRMED,Hyderabad-Goa,Senior,High
2671,Simran Arora,93,f,B02,RT1,2024-04-20,561,CANCELLED,Delhi-Jaipur,Senior,Medium
2673,Prakash Malhotra,15,M,B03,RT2,2024-04-14,591,CONFIRMED,Mumbai-Pune,Minor,Medium
2676,Amit Das,84,F,B06,RT4,2024-06-07,546,CONFIRMED,Hyderabad-Goa,Senior,Medium
2678,Mohan Verma,32,m,B03,RT2,2024-04-03,624,CANCELLED,Mumbai-Pune,Adult,High
2680,Meena Kumar,21,f,B05,RT2,2024-04-25,542,CANCELLED,Mumbai-Pune,Adult,Medium
2681,Sakshi Jain,89,M,B06,RT3,2024-05-03,516,CANCELLED,Bangalore-Chennai,Senior,Medium
2684,Gaurav Malhotra,56,M,B01,RT4,2024-05-09,663,CANCELLED,Hyderabad-Goa,Adult,High
2688,Anjali Arora,64,M,B01,RT1,2024-06-13,647,CONFIRMED,Delhi-Jaipur,Senior,High
2689,Ritu Gupta,37,m,B05,RT5,2024-04-24,536,CONFIRMED,Kolkata-Patna,Adult,Medium
2690,Gaurav Sharma,56,M,B04,RT2,2024-05-03,673,CANCELLED,Mumbai-Pune,Adult,High
2691,Gaurav Malhotra,90,m,B02,RT2,2024-06-30,452,CONFIRMED,Mumbai-Pune,Senior,Low
2692,Rohit Kumar,98,M,B01,RT2,2024-06-10,634,CANCELLED,Mumbai-Pune,Senior,High
2694,Ramesh Patel,12,M,B05,RT5,2024-04-06,527,CANCELLED,Kolkata-Patna,Minor,Medium
2695,Ramesh Yadav,78,M,B04,RT1,2024-04-24,428,CONFIRMED,Delhi-Jaipur,Senior,Low
2697,Rohit Sharma,62,m,B02,RT5,2024-04-12,406,CANCELLED,Kolkata-Patna,Senior,Low
2701,Raj Gupta,91,m,B05,RT1,2024-06-25,638,CANCELLED,Delhi-Jaipur,Senior,High
2704,Ankit Kumar,56,F,B04,RT2,2024-04-09,631,CANCELLED,Mumbai-Pune,Adult,High
2705,Ramesh Shah,9,F,B03,RT2,2024-06-14,568,CANCELLED,Mumbai-Pune,Minor,Medium
2706,Ashok Kumar,25,M,B01,RT4,2024-04-16,403,CANCELLED,Hyderabad-Goa,Adult,Low
2708,Priya Jain,39,F,B03,RT1,2024-04-14,415,CONFIRMED,Delhi-Jaipur,Adult,Low
2709,Vikas Patel,87,M,B05,RT3,2024-06-17,588,CANCELLED,Bangalore-Chennai,Senior,Medium
2712,Mohan Kumar,56,F,B04,RT3,2024-05-10,690,CANCELLED,Bangalore-Chennai,Adult,High
2713,Alok Malhotra,61,M,B02,RT6,2024-04-15,407,CANCELLED,Ahmedabad-Surat,Senior,Low
2714,Nitin Kumar,68,F,B05,RT4,2024-06-15,466,CONFIRMED,Hyderabad-Goa,Senior,Low
2716,Anjali Das,65,F,B06,RT5,2024-06-20,499,CANCELLED,Kolkata-Patna,Senior,Low
2720,Gaurav Singh,49,f,B05,RT4,2024-04-04,400,CONFIRMED,Hyderabad-Goa,Adult,Low
2721,Vikas Arora,75,M,B01,RT5,2024-04-05,680,CONFIRMED,Kolkata-Patna,Senior,High
2722,Priyanka Yadav,80,f,B03,RT3,2024-06-29,449,CONFIRMED,Bangalore-Chennai,Senior,Low
2723,Sakshi Yadav,8,m,B02,RT5,2024-06-10,514,CANCELLED,Kolkata-Patna,Minor,Medium
2726,Pooja Gupta,36,M,B02,RT6,2024-05-28,517,CANCELLED,Ahmedabad-Surat,Adult,Medium
2727,Anjali Verma,67,M,B02,RT1,2024-05-21,512,CONFIRMED,Delhi-Jaipur,Senior,Medium
2731,Ankit Singh,64,f,B04,RT4,2024-05-29,691,CONFIRMED,Hyderabad-Goa,Senior,High
2733,Ritu Mehta,4,f,B02,RT5,2024-06-16,557,CANCELLED,Kolkata-Patna,Minor,Medium
2734,Sachin Kapoor,42,f,B01,RT1,2024-06-29,452,CONFIRMED,Delhi-Jaipur,Adult,Low
2736,Arjun Gupta,58,m,B03,RT5,2024-06-24,639,CONFIRMED,Kolkata-Patna,Adult,High
2738,Manoj Patel,52,M,B03,RT3,2024-05-29,472,CONFIRMED,Bangalore-Chennai,Adult,Low
2741,Reena Das,10,F,B04,RT4,2024-04-24,595,CONFIRMED,Hyderabad-Goa,Minor,Medium
2743,Suresh Das,68,m,B06,RT4,2024-04-21,415,CANCELLED,Hyderabad-Goa,Senior,Low
2744,Sunil Gupta,24,f,B05,RT1,2024-06-11,487,CANCELLED,Delhi-Jaipur,Adult,Low
2746,Lata Arora,37,F,B01,RT2,2024-04-20,686,CONFIRMED,Mumbai-Pune,Adult,High
2747,Neha Singh,65,m,B03,RT2,2024-04-30,562,CONFIRMED,Mumbai-Pune,Senior,Medium
2748,Raj Gupta,98,M,B02,RT3,2024-06-16,667,CONFIRMED,Bangalore-Chennai,Senior,High
2750,Pooja Arora,77,m,B03,RT1,2024-05-28,653,CANCELLED,Delhi-Jaipur,Senior,High
2751,Nitin Jain,75,M,B04,RT3,2024-05-12,572,CONFIRMED,Bangalore-Chennai,Senior,Medium
2752,Sakshi Jain,43,M,B02,RT6,2024-05-06,638,CONFIRMED,Ahmedabad-Surat,Adult,High
2756,Mehul Yadav,90,F,B04,RT1,2024-04-13,418,CONFIRMED,Delhi-Jaipur,Senior,Low
2757,Neeraj Sharma,78,m,B05,RT5,2024-04-21,693,CONFIRMED,Kolkata-Patna,Senior,High
2760,Divya Kumar,16,m,B03,RT1,2024-04-10,562,CANCELLED,Delhi-Jaipur,Minor,Medium
2761,Payal Patel,87,f,B03,RT1,2024-05-30,605,CONFIRMED,Delhi-Jaipur,Senior,High
2762,Divya Patel,37,m,B04,RT3,2024-06-18,460,CANCELLED,Bangalore-Chennai,Adult,Low
2765,Ashok Kumar,49,m,B03,RT5,2024-04-16,605,CANCELLED,Kolkata-Patna,Adult,High
2768,Pooja Kumar,11,m,B06,RT4,2024-05-29,408,CONFIRMED,Hyderabad-Goa,Minor,Low
2771,Gaurav Malhotra,92,F,B01,RT1,2024-06-14,428,CANCELLED,Delhi-Jaipur,Senior,Low
2772,Aarti Kumar,76,F,B02,RT3,2024-06-03,574,CANCELLED,Bangalore-Chennai,Senior,Medium
2774,Raj Sharma,31,M,B02,RT5,2024-05-06,685,CONFIRMED,Kolkata-Patna,Adult,High
2776,Neha Sharma,91,f,B04,RT2,2024-04-25,555,CONFIRMED,Mumbai-Pune,Senior,Medium
2777,Mohan Verma,43,F,B06,RT1,2024-04-14,401,CONFIRMED,Delhi-Jaipur,Adult,Low
2779,Divya Jain,96,F,B03,RT2,2024-06-06,448,CANCELLED,Mumbai-Pune,Senior,Low
2783,Vivek Kumar,47,m,B02,RT1,2024-05-30,602,CONFIRMED,Delhi-Jaipur,Adult,High
2784,Mohan Patel,79,M,B02,RT3,2024-06-10,602,CONFIRMED,Bangalore-Chennai,Senior,High
2785,Karan Arora,38,F,B05,RT6,2024-06-18,458,CONFIRMED,Ahmedabad-Surat,Adult,Low
2787,Meena Mehta,59,F,B04,RT5,2024-04-26,476,CANCELLED,Kolkata-Patna,Adult,Low
2788,Kavita Kapoor,4,M,B01,RT3,2024-06-12,465,CONFIRMED,Bangalore-Chennai,Minor,Low
2789,Priyanka Gupta,54,m,B02,RT3,2024-05-05,478,CONFIRMED,Bangalore-Chennai,Adult,Low
2792,Ashok Kapoor,27,m,B02,RT2,2024-04-21,636,CANCELLED,Mumbai-Pune,Adult,High
2795,Sachin Verma,59,M,B05,RT2,2024-06-13,522,CONFIRMED,Mumbai-Pune,Adult,Medium
2796,Prakash Verma,38,m,B03,RT1,2024-06-04,658,CANCELLED,Delhi-Jaipur,Adult,High
2798,Ritu Singh,96,m,B04,RT5,2024-06-24,568,CONFIRMED,Kolkata-Patna,Senior,Medium
2799,Nitin Verma,98,m,B04,RT4,2024-04-26,595,CONFIRMED,Hyderabad-Goa,Senior,Medium
2800,Kavita Mehta,99,f,B02,RT2,2024-05-29,508,CANCELLED,Mumbai-Pune,Senior,Medium
