BookingID,PassengerName,Age,Gender,BusCode,RouteCode,TravelDate,Fare,Status
2001,Manoj Singh,112,F,B03,RT3,10-05-2024,435,CONFIRMED
2002,Nitin Gupta,47,F,B01,RT2,23-05-2024,436,CANCELLED
2003,Pooja Yadav,41,M,B03,RT6,11-05-2024,540,CANCELLED
2004,Mohan Sharma,42,M,B01,RT1,25-05-2024,671,CONFIRMED
2005,Ritu Kumar,102,m,B05,RT3,29-05-2024,550,CONFIRMED
2006,Mohan Das,56,m,B02,RT2,03-05-2024,606,CONFIRMED
2007,Priyanka Verma,120,F,B01,RT5,04-04-2024,474,CANCELLED
2008,Sneha Gupta,7,F,B03,RT5,20-06-2024,559,CANCELLED
2009,Ramesh Sharma,106,F,B02,RT2,11-06-2024,485,CONFIRMED
2010,Sneha Malhotra,84,m,B04,RT2,08-06-2024,534,CONFIRMED
2011,Karan Kumar@123,16,F,B03,RT1,2024/04/14,497,Confirm
2012,Payal Mehta,37,m,B03,RT3,17-04-2024,496,CONFIRMED
2013,Anita Malhotra,54,f,B03,RT3,25-06-2024,663,CANCELLED
2014,Reena Gupta,69,F,B01,RT1,07-04-2024,585,CONFIRMED
2015,Prakash Sharma,102,m,B05,RT1,03-04-2024,463,CONFIRMED
2016,Lata Gupta,102,m,B05,RT4,09-04-2024,459,CONFIRMED
2017,Vikas Malhotra,150,f,B01,RT4,25/04/24,-700,CONFIRMED
2018,  SUNIL PATEL  @123,150,F,B05,RT1,06-06-2024,-700,Confirm
2019,Priya Das,3,f,B06,RT3,15-06-2024,526,CANCELLED
2020,Ritu Malhotra,28,m,B05,RT3,12-06-2024,652,CANCELLED
2021,Aarti Verma,55,M,B02,RT1,03-05-2024,512,CONFIRMED
2022,Neeraj Das,31,M,B01,RT2,01-06-2024,586,CANCELLED
2023,,-5,m,B04,RT1,15-06-2024,507,Cancelled
2024,Amit Das,42,m,B02,RT4,02-06-2024,568,CONFIRMED
2025,Deepa Mehta,11,M,B06,RT3,30-04-2024,554,CONFIRMED
2026,Alok Yadav,8,f,B05,RT3,06-04-2024,686,CONFIRMED
2027,Anjali Kumar,57,F,B06,RT4,29-04-2024,531,CANCELLED
2028,Ramesh Gupta,-5,f,B04,RT1,11-05-2024,-700,cnf
2029,Priya Mehta,25,f,B06,RT4,28-06-2024,536,CANCELLED
2030,Gaurav Mehta,49,f,B01,RT5,27-04-2024,693,CANCELLED
2031,,-5,m,B02,RT2,29-06-2024,570,Cancelled
2032,Payal Yadav,1,m,B02,RT5,04-04-2024,543,CANCELLED
2033,Suresh Verma,63,m,B05,RT6,28-05-2024,685,CONFIRMED
2034,Reena Mehta,38,m,B01,RT2,28-04-2024,552,CONFIRMED
2035,Lata Jain,76,f,B03,RT1,17-04-2024,497,CONFIRMED
2036,Ankit Yadav,106,F,B05,RT1,22-05-2024,695,CANCELLED
2037,  SIMRAN DAS  @123,150,F,B02,RT2,19-05-2024,-700,Confirm
2038,Neha Kumar,106,m,B02,RT5,11-06-2024,561,CONFIRMED
2039,Manoj Gupta,88,f,B06,RT3,16-04-2024,669,CONFIRMED
2040,Arjun Kumar,98,F,B04,RT5,24-06-2024,662,CONFIRMED
2041,Nitin Singh,32,F,B02,RT5,09-06-2024,579,CONFIRMED
2042,Sachin Sharma,110,f,B03,RT6,13-06-2024,574,CONFIRMED
2043,Nitin Kumar,105,M,B05,RT1,16-04-2024,518,CONFIRMED
2044,Karan Patel,99,M,B06,RT1,25-04-2024,456,CONFIRMED
2045,Reena Das,150,m,B06,RT5,18-05-2024,-700,cnf
2046,Suresh Kapoor,31,F,B03,RT3,18-04-2024,557,CONFIRMED
2047,Alok Verma,22,F,B03,RT2,19-04-2024,575,CANCELLED
2048,Aarti Patel,12,f,B04,RT5,03-05-2024,492,CANCELLED
2049,Pooja Gupta,,M,B01,RT1,18-04-2024,abc,Cancelled
2050,",",twenty,M,B04,RT5,13/04/24,abc,confirmed
2051,Sachin Sharma,92,M,B02,RT2,24-06-2024,445,CONFIRMED
2052,Aarti Sharma,,m,B01,RT6,24-06-2024,abc,CANCELLED
2053,Ankit Verma,25,f,B03,RT3,20-05-2024,513,CANCELLED
2054,Ramesh Mehta,16,f,B02,RT4,02-04-2024,530,CONFIRMED
2055,Ankit Kapoor,119,f,B03,RT1,20-05-2024,423,CANCELLED
2056,Sakshi Malhotra,105,f,B02,RT4,14-05-2024,638,CANCELLED
2057,Ritu Gupta,20,m,B03,RT4,13-05-2024,474,CANCELLED
2058,Reena Sharma,81,F,B05,RT3,03-05-2024,530,CONFIRMED
2059,Sneha Malhotra,67,m,B06,RT3,01-04-2024,585,CONFIRMED
2060,Pooja Arora,30,f,B01,RT3,29-05-2024,586,CONFIRMED
2061,Nitin Kapoor,11,F,B01,RT4,11-05-2024,649,CANCELLED
2062,Mohan Kumar,1,M,B03,RT3,06-06-2024,615,CANCELLED
2063,Vikas Sharma,16,F,B05,RT6,20-05-2024,428,CANCELLED
2064,Ramesh Patel,150,f,B03,RT4,11-05-2024,574,confirm
2065,",",twenty,f,B06,RT3,13/04/24,abc,confirmed
2066,Sachin Patel,12,m,B01,RT6,04-04-2024,635,CONFIRMED
2067,Alok Jain,92,m,B01,RT6,01-04-2024,570,CONFIRMED
2068,  AMIT YADAV  ,-5,f,B03,RT4,19-04-2024,abc,CONF
2069,Alok Kapoor,62,m,B05,RT6,18-06-2024,688,CONFIRMED
2070,Prakash Shah,97,f,B03,RT3,20-05-2024,494,CANCELLED
2071,Payal Kapoor,73,m,B03,RT2,15-05-2024,647,CONFIRMED
2072,Ashok Patel,-5,M,B05,RT6,16-06-2024,463,cnf
2073,Raj Shah,103,m,B01,RT1,01-04-2024,477,CONFIRMED
2074,Ramesh Gupta,-5,f,B04,RT6,04/05/24,-700,Confirm
2075,Rohit Kapoor,21,m,B04,RT6,27-04-2024,475,CANCELLED
2076,Neha Kumar,41,m,B05,RT5,26-04-2024,430,CONFIRMED
2077,Divya Shah,29,F,B04,RT4,26-04-2024,529,CANCELLED
2078,Manoj Singh,77,F,B03,RT2,08-06-2024,473,CANCELLED
2079,,-5,M,B04,RT4,06-06-2024,598,Cancelled
2080,Sakshi Gupta,98,m,B02,RT1,21-05-2024,483,CONFIRMED
2081,Ritu Das,12,m,B03,RT2,25-04-2024,653,CANCELLED
2082,Ankit Arora@123,36,m,B04,RT3,17/04/24,-700,confirm
2083,Ashok Gupta,34,f,B02,RT1,29-05-2024,404,CANCELLED
2084,Meena Shah@123,22,F,B01,RT4,01-04-2024,413,CONF
2085,Alok Singh,55,F,B06,RT4,02-04-2024,608,CANCELLED
2086,Arjun Das,40,F,B01,RT5,27-05-2024,424,CONFIRMED
2087,Payal Gupta,55,m,B05,RT1,21-04-2024,619,CANCELLED
2088,Neha Shah,62,M,B01,RT3,03-05-2024,667,CONFIRMED
2089,Vivek Das,96,M,B04,RT5,10-06-2024,662,CANCELLED
2090,Neeraj Mehta,69,M,B05,RT3,20-05-2024,671,CONFIRMED
2091,Sunil Verma,69,F,B04,RT5,23-05-2024,594,CONFIRMED
2092,Amit Gupta,44,M,B03,RT3,02-04-2024,599,CANCELLED
2093,  RAMESH MEHTA  @123,150,F,B02,RT6,08-05-2024,-700,Confirm
2094,Amit Kumar,69,m,B06,RT1,21-06-2024,553,CONFIRMED
2095,Neha Gupta,96,m,B04,RT1,30-05-2024,477,CANCELLED
2096,Payal Shah,54,M,B05,RT5,20-06-2024,494,CANCELLED
2097,Sakshi Shah,14,m,B01,RT5,30-06-2024,699,CANCELLED
2098,Ashok Patel,15,F,B04,RT4,28-05-2024,425,CONFIRMED
2099,Sakshi Verma,40,m,B06,RT4,08-05-2024,551,CANCELLED
2100,Mehul Arora,82,m,B05,RT2,20-04-2024,505,CANCELLED
2101,Ritu Kapoor,twenty,F,B06,RT4,23-06-2024,abc,Cancelled
2102,Sachin Gupta,111,m,B04,RT3,23-04-2024,642,CANCELLED
2103,",",,M,B05,RT2,13/04/24,abc,confirmed
2104,Mehul Verma,58,F,B01,RT4,08-05-2024,506,CONFIRMED
2105,Reena Das@123,-5,F,B01,RT2,2024/04/14,abc,confirmed
2106,  SNEHA DAS  @123,150,F,B05,RT3,10-04-2024,-700,Confirm
2107,Vikas Kumar,86,f,B05,RT5,11-05-2024,423,CONFIRMED
2108,,-5,m,B01,RT6,25-05-2024,422,Cancelled
2109,Ankit Yadav,11,M,B04,RT3,16-06-2024,691,CANCELLED
2110,Rohit Arora,87,F,B04,RT4,02-04-2024,454,CONFIRMED
2111,Anita Malhotra,67,M,B03,RT3,29-04-2024,497,CONFIRMED
2112,Ashok Gupta,,m,B04,RT5,26-06-2024,abc,CONFIRMED
2113,Lata Yadav,55,F,B06,RT2,06-05-2024,606,CANCELLED
2114,Vivek Arora,116,f,B02,RT2,04-06-2024,527,CANCELLED
2115,Neeraj Mehta,64,m,B06,RT4,06-06-2024,485,CONFIRMED
2116,Prakash Shah,twenty,F,B02,RT2,06-05-2024,634,confirm
2117,Priya Shah,1,F,B04,RT3,18-04-2024,485,CONFIRMED
2118,Prakash Patel,1,m,B05,RT2,18-05-2024,561,CANCELLED
2119,,-5,m,B02,RT3,04-06-2024,591,Cancelled
2120,Reena Jain,30,f,B06,RT6,11-06-2024,521,CANCELLED
2121,Ashok Verma,105,F,B05,RT2,28-04-2024,454,CANCELLED
2122,Manoj Gupta,88,F,B03,RT2,23-06-2024,464,CONFIRMED
2123,Ashok Gupta,83,m,B05,RT2,23-05-2024,661,CONFIRMED
2124,Deepa Verma,11,f,B03,RT5,14-06-2024,503,CANCELLED
2125,Raj Kapoor,64,F,B03,RT2,27-06-2024,622,CANCELLED
2126,Nitin Gupta,-5,m,B01,RT3,16-05-2024,abc,CANCELLED
2127,Karan Gupta,twenty,F,B04,RT2,01-06-2024,615,Cancelled
2128,",",,f,B03,RT4,13/04/24,abc,confirmed
2129,Vikas Shah,8,M,B01,RT2,06-06-2024,605,CONFIRMED
2130,Ashok Yadav,5,M,B05,RT2,13-05-2024,594,CANCELLED
2131,Meena Sharma,117,F,B05,RT5,10-04-2024,567,CONFIRMED
2132,Ashok Kapoor,118,f,B03,RT2,24-05-2024,601,CANCELLED
2133,Payal Malhotra,47,m,B03,RT5,24-06-2024,494,CANCELLED
2134,Reena Malhotra,2,f,B06,RT2,03-06-2024,649,CONFIRMED
2135,Mehul Das@123,54,F,B06,RT3,27/05/24,-700,confirmed
2136,Ritu Singh,71,f,B06,RT3,13-04-2024,448,CONFIRMED
2137,Anjali Sharma,31,m,B01,RT6,14-04-2024,602,CANCELLED
2138,Ramesh Jain,66,f,B03,RT3,16-06-2024,652,CONFIRMED
2139,Anjali Sharma,39,F,B06,RT3,19-04-2024,445,CONFIRMED
2140,Mohan Yadav,66,M,B04,RT3,04-06-2024,494,CANCELLED
2141,",",twenty,f,B01,RT4,13/04/24,abc,confirmed
2142,Sakshi Sharma,113,F,B02,RT4,09-04-2024,589,CONFIRMED
2143,Ashok Singh,104,m,B02,RT6,07-05-2024,649,CONFIRMED
2144,Manoj Patel,32,f,B01,RT5,13-04-2024,624,CANCELLED
2145,Deepa Das,101,f,B03,RT4,29-06-2024,683,CANCELLED
2146,Vikas Verma,45,M,B02,RT6,23-04-2024,661,CANCELLED
2147,Nitin Sharma,78,F,B06,RT2,16-05-2024,447,CANCELLED
2148,Karan Verma,72,f,B03,RT3,21-05-2024,649,CANCELLED
2149,Payal Shah,56,f,B06,RT1,21-06-2024,436,CANCELLED
2150,  PRIYA GUPTA  ,-5,f,B01,RT2,13-06-2024,abc,CONF
2151,Pooja Singh,25,F,B05,RT6,09-04-2024,633,CONFIRMED
2152,Rohit Arora,8,m,B04,RT3,26-04-2024,530,CANCELLED
2153,Nitin Kumar,8,m,B03,RT3,16-04-2024,614,CONFIRMED
2154,Sachin Patel,37,F,B02,RT4,19-05-2024,569,CANCELLED
2155,,-5,m,B06,RT3,13-06-2024,459,Cancelled
2156,Prakash Kumar,42,M,B05,RT1,01-05-2024,678,CANCELLED
2157,Vivek Das,17,f,B05,RT2,05-04-2024,461,CANCELLED
2158,Rahul Gupta,1,F,B05,RT4,06-05-2024,460,CONFIRMED
2159,Kavita Gupta,33,f,B04,RT3,05-05-2024,420,CONFIRMED
2160,Sneha Yadav,18,f,B03,RT5,23-05-2024,574,CONFIRMED
2161,Raj Jain,111,m,B03,RT3,03-05-2024,402,CONFIRMED
2162,Deepa Jain,112,m,B03,RT2,30-06-2024,646,CONFIRMED
2163,Ashok Patel,110,F,B01,RT6,03-05-2024,521,CONFIRMED
2164,Ashok Gupta,17,M,B01,RT2,22-04-2024,582,CONFIRMED
2165,  NEHA VERMA  @123,150,F,B02,RT4,26-04-2024,-700,Confirm
2166,Neha Sharma,19,m,B01,RT2,02-06-2024,689,CANCELLED
2167,Payal Gupta,96,M,B03,RT5,22-05-2024,401,CONFIRMED
2168,Neeraj Mehta,39,f,B03,RT3,18-06-2024,491,CANCELLED
2169,Anjali Mehta,twenty,F,B05,RT2,05-06-2024,abc,Cancelled
2170,Ramesh Kapoor,55,m,B04,RT4,30-06-2024,621,CANCELLED
2171,Neeraj Gupta,80,F,B02,RT1,05-05-2024,484,CANCELLED
2172,Vivek Arora,12,f,B04,RT4,13-05-2024,603,CANCELLED
2173,",",-5,M,B06,RT6,13/04/24,abc,confirmed
2174,Nitin Patel,twenty,F,B04,RT2,04-06-2024,576,confirm
2175,  ALOK SHARMA  ,,f,B05,RT1,19-05-2024,abc,Confirm
2176,  MEENA DAS  ,,F,B01,RT4,26-04-2024,abc,confirmed
2177,Alok Malhotra,96,M,B02,RT2,01-04-2024,454,CANCELLED
2178,Ankit Patel,-5,f,B04,RT1,23-06-2024,abc,Confirm
2179,Mehul Gupta,50,F,B01,RT4,25-05-2024,478,CONFIRMED
2180,Ankit Yadav,102,F,B03,RT1,28-05-2024,560,CONFIRMED
2181,Arjun Singh,111,F,B04,RT5,28-04-2024,562,CONFIRMED
2182,Kavita Shah,116,m,B05,RT1,20-05-2024,445,CANCELLED
2183,Alok Kapoor,28,f,B06,RT2,21-05-2024,549,CONFIRMED
2184,",",-5,f,B01,RT4,13/04/24,abc,confirmed
2185,Manoj Patel,,m,B05,RT2,31-05-2024,abc,Cancelled
2186,Manoj Sharma,16,m,B06,RT2,17-06-2024,550,CONFIRMED
2187,Ashok Yadav,18,F,B04,RT4,11-05-2024,580,CANCELLED
2188,Karan Mehta,86,F,B06,RT6,20-06-2024,504,CANCELLED
2189,Divya Yadav,30,f,B05,RT3,31-05-2024,515,CANCELLED
2190,  RAMESH PATEL  @123,150,F,B02,RT1,02-06-2024,-700,Confirm
2191,",",twenty,M,B03,RT6,13/04/24,abc,confirmed
2192,Divya Verma,105,f,B06,RT5,17-05-2024,565,CANCELLED
2193,Gaurav Kumar,85,m,B01,RT2,28-04-2024,579,CONFIRMED
2194,Divya Das,30,M,B06,RT2,19-06-2024,575,CONFIRMED
2195,Priya Malhotra,62,F,B05,RT6,30-06-2024,656,CONFIRMED
2196,Anita Mehta,9,m,B04,RT1,31-05-2024,596,CONFIRMED
2197,Suresh Verma,1,m,B02,RT5,15-04-2024,692,CANCELLED
2198,Mohan Gupta,16,m,B04,RT5,07-05-2024,685,CANCELLED
2199,Prakash Gupta,150,f,B04,RT1,04/05/24,-700,cnf
2200,Alok Mehta,68,F,B01,RT1,22-05-2024,556,CONFIRMED
2201,Sneha Sharma,68,f,B02,RT5,12-06-2024,637,CANCELLED
2202,Ankit Mehta,twenty,M,B04,RT1,11-06-2024,abc,Cancelled
2203,Aarti Gupta,25,M,B03,RT3,06-04-2024,545,CONFIRMED
2204,Arjun Kumar,61,M,B05,RT6,20-04-2024,534,CANCELLED
2205,Anjali Shah,150,m,B01,RT6,2024/05/10,-700,Confirm
2206,Reena Kapoor,71,F,B04,RT3,06-04-2024,606,CANCELLED
2207,Sneha Jain,,M,B04,RT4,04-05-2024,-700,Confirm
2208,Neha Mehta,19,m,B05,RT1,17-05-2024,512,CONFIRMED
2209,Manoj Das,-5,f,B01,RT6,25-04-2024,abc,cnf
2210,Nitin Malhotra,115,F,B03,RT3,20-04-2024,437,CONFIRMED
2211,Priya Shah,46,F,B05,RT4,28-06-2024,519,CANCELLED
2212,Sakshi Gupta,42,F,B06,RT4,25-04-2024,401,CANCELLED
2213,Deepa Yadav,87,m,B05,RT6,09-06-2024,514,CANCELLED
2214,Anita Sharma,103,M,B03,RT3,02-05-2024,630,CONFIRMED
2215,Raj Singh,89,f,B01,RT1,04-06-2024,503,CONFIRMED
2216,Karan Singh@123,80,F,B01,RT2,09-04-2024,506,cnf
2217,Sunil Gupta,105,M,B05,RT3,13-05-2024,514,CONFIRMED
2218,Neeraj Kumar,75,F,B01,RT2,28-04-2024,546,CANCELLED
2219,Aarti Malhotra,99,M,B05,RT4,19-06-2024,677,CONFIRMED
2220,Priya Arora,53,f,B01,RT5,28-04-2024,565,CONFIRMED
2221,Mohan Singh,112,M,B04,RT5,11-04-2024,590,CANCELLED
2222,Ashok Das,93,F,B06,RT3,17-04-2024,439,CONFIRMED
2223,Sneha Sharma,43,m,B06,RT3,25-05-2024,510,CONFIRMED
2224,Ankit Malhotra,112,f,B06,RT5,30-04-2024,697,CONFIRMED
2225,Sachin Arora,28,F,B03,RT5,27-06-2024,622,CANCELLED
2226,Nitin Sharma,37,f,B05,RT4,19-06-2024,551,CONFIRMED
2227,Mohan Kapoor,72,f,B04,RT2,30-05-2024,675,CANCELLED
2228,Divya Mehta,-5,M,B05,RT5,14-04-2024,-700,confirm
2229,Ramesh Shah,14,m,B03,RT6,28-05-2024,630,CANCELLED
2230,Rahul Verma,twenty,F,B02,RT1,27-05-2024,abc,Cancelled
2231,Reena Malhotra,105,m,B03,RT2,30-05-2024,545,CANCELLED
2232,Alok Gupta,101,M,B01,RT1,14-04-2024,405,CONFIRMED
2233,Suresh Gupta,104,M,B04,RT3,13-04-2024,675,CANCELLED
2234,Ritu Patel,96,M,B02,RT4,21-05-2024,432,CONFIRMED
2235,Simran Gupta,-5,f,B05,RT5,18-05-2024,-700,Confirm
2236,Deepa Das,114,m,B06,RT3,30-05-2024,443,CONFIRMED
2237,,-5,M,B02,RT1,13-04-2024,425,Cancelled
2238,  ARJUN SINGH  @123,150,M,B04,RT1,15-06-2024,-700,Confirm
2239,Priyanka Sharma,81,F,B05,RT5,24-05-2024,459,CONFIRMED
2240,Gaurav Kapoor,4,f,B01,RT3,25-06-2024,538,CONFIRMED
2241,Anjali Verma,37,f,B01,RT4,19-05-2024,582,CONFIRMED
2242,Mohan Malhotra,79,F,B06,RT4,12-05-2024,699,CANCELLED
2243,Alok Yadav,74,M,B04,RT6,12-05-2024,405,CANCELLED
2244,Meena Malhotra,twenty,F,B01,RT1,03-06-2024,abc,confirm
2245,Aarti Das,100,m,B05,RT2,12-06-2024,560,CANCELLED
2246,Priyanka Gupta,-5,F,B06,RT3,06-05-2024,569,confirm
2247,Arjun Kumar,4,f,B03,RT5,25-06-2024,447,CONFIRMED
2248,  AMIT MEHTA  ,-5,f,B04,RT2,28-06-2024,abc,Confirm
2249,Ankit Yadav,11,M,B05,RT6,21-04-2024,577,CONFIRMED
2250,  GAURAV SHARMA  @123,150,F,B02,RT4,15-06-2024,-700,Confirm
2251,Priyanka Verma,93,f,B06,RT1,09-06-2024,696,CANCELLED
2252,Raj Verma,32,F,B03,RT5,26-04-2024,466,CONFIRMED
2253,Raj Verma,87,f,B03,RT5,16-05-2024,632,CANCELLED
2254,Aarti Patel,40,m,B01,RT5,07-06-2024,550,CONFIRMED
2255,Priya Sharma,44,m,B01,RT3,25-05-2024,584,CANCELLED
2256,Neeraj Sharma,74,m,B06,RT6,23-04-2024,527,CANCELLED
2257,Arjun Shah,55,M,B06,RT2,21-05-2024,638,CONFIRMED
2258,Raj Shah,27,M,B02,RT6,12-04-2024,626,CONFIRMED
2259,Karan Arora,113,f,B04,RT5,27-04-2024,642,CANCELLED
2260,Gaurav Das,56,M,B05,RT1,26-04-2024,668,CANCELLED
2261,Reena Sharma,85,F,B03,RT6,06-05-2024,608,CANCELLED
2262,Alok Gupta,111,M,B06,RT4,27-05-2024,589,CONFIRMED
2263,Prakash Patel,58,F,B01,RT4,16-04-2024,511,CANCELLED
2264,Ashok Jain@123,150,m,B01,RT4,27/05/24,592,confirm
2265,Neeraj Shah,67,m,B06,RT1,07-06-2024,654,CANCELLED
2266,Prakash Patel,16,F,B03,RT2,11-05-2024,454,CONFIRMED
2267,Ramesh Kumar,52,f,B05,RT2,13-06-2024,700,CANCELLED
2268,Prakash Gupta,69,f,B05,RT2,12-06-2024,668,CANCELLED
2269,Anita Shah,2,F,B01,RT5,22-04-2024,449,CONFIRMED
2270,Simran Verma,77,f,B05,RT3,23-04-2024,534,CANCELLED
2271,Raj Das,70,M,B01,RT4,20-04-2024,538,CANCELLED
2272,Rahul Kumar,twenty,F,B06,RT5,30-06-2024,abc,CONF
2273,Neeraj Jain,5,M,B04,RT5,17-05-2024,465,CONFIRMED
2274,",",,M,B06,RT1,13/04/24,abc,confirmed
2275,Gaurav Kumar,96,F,B06,RT1,29-06-2024,644,CONFIRMED
2276,Anita Malhotra,twenty,F,B04,RT4,16-06-2024,638,CONF
2277,Ritu Kapoor,37,M,B05,RT2,18-06-2024,466,CANCELLED
2278,Mehul Shah,27,f,B06,RT1,12-05-2024,486,CANCELLED
2279,Ritu Jain,37,m,B03,RT5,01-04-2024,510,CONFIRMED
2280,Karan Sharma,34,F,B04,RT6,21-04-2024,569,CANCELLED
2281,Sakshi Gupta,51,M,B04,RT4,15-05-2024,424,CANCELLED
2282,Gaurav Kumar,91,F,B06,RT3,31-05-2024,652,CANCELLED
2283,Nitin Kapoor,39,M,B03,RT4,13-05-2024,605,CONFIRMED
2284,,-5,M,B05,RT2,05-05-2024,423,Cancelled
2285,Neeraj Singh,-5,m,B04,RT5,18-05-2024,-700,Confirm
2286,Ankit Gupta,8,F,B02,RT3,09-06-2024,575,CANCELLED
2287,Mohan Patel,49,F,B06,RT2,01-04-2024,693,CANCELLED
2288,Sneha Gupta,31,f,B01,RT1,21-04-2024,616,CONFIRMED
2289,Suresh Shah,33,m,B06,RT5,17-06-2024,421,CANCELLED
2290,Sakshi Sharma,48,m,B06,RT1,03-06-2024,665,CONFIRMED
2291,Karan Jain,-5,M,B05,RT5,04-05-2024,570,confirm
2292,Neeraj Jain,150,m,B01,RT3,29-05-2024,abc,cnf
2293,Ritu Sharma,53,f,B06,RT2,08-05-2024,511,CANCELLED
2294,Sachin Yadav,,M,B06,RT1,28-06-2024,abc,Confirm
2295,Ritu Patel,twenty,F,B04,RT2,19-04-2024,633,Cancelled
2296,Neha Gupta,48,M,B01,RT3,30-04-2024,515,CANCELLED
2297,  NITIN GUPTA  @123,150,M,B01,RT6,17-05-2024,-700,Confirm
2298,  RAMESH JAIN  @123,150,F,B03,RT5,20-04-2024,-700,Confirm
2299,Suresh Patel,71,M,B02,RT1,16-04-2024,540,CONFIRMED
2300,Pooja Yadav,14,M,B02,RT2,06-05-2024,608,CANCELLED
2301,Deepa Malhotra,86,M,B02,RT3,28-04-2024,671,CANCELLED
2302,Neha Mehta,69,f,B01,RT4,22-04-2024,696,CANCELLED
2303,Pooja Gupta,78,m,B02,RT5,14-05-2024,483,CONFIRMED
2304,Neeraj Kapoor,73,f,B01,RT3,24-04-2024,566,CONFIRMED
2305,",",twenty,M,B05,RT1,13/04/24,abc,confirmed
2306,Anita Verma,73,M,B06,RT4,29-05-2024,595,CANCELLED
2307,Aarti Patel,150,f,B03,RT4,18-05-2024,-700,CONFIRMED
2308,Mehul Kumar,26,F,B04,RT2,20-05-2024,411,CONFIRMED
2309,Simran Gupta,51,f,B03,RT6,09-04-2024,663,CANCELLED
2310,Nitin Arora,61,F,B04,RT4,21-05-2024,551,CONFIRMED
2311,Lata Shah,105,M,B05,RT2,26-06-2024,607,CONFIRMED
2312,Arjun Das,twenty,F,B06,RT6,05-06-2024,abc,Cancelled
2313,  MOHAN VERMA  ,,F,B01,RT1,19-06-2024,abc,confirmed
2314,Ramesh Sharma,76,M,B01,RT3,03-04-2024,580,CONFIRMED
2315,Ankit Das,22,M,B06,RT4,02-06-2024,450,CONFIRMED
2316,Amit Singh,40,m,B03,RT1,12-06-2024,686,CANCELLED
2317,Nitin Yadav,49,f,B03,RT1,10-04-2024,455,CONFIRMED
2318,Arjun Kumar,-5,M,B06,RT4,06-04-2024,abc,confirm
2319,Sneha Patel,77,M,B03,RT3,05-05-2024,411,CONFIRMED
2320,Reena Gupta,,m,B01,RT6,23-04-2024,abc,CANCELLED
2321,Sneha Kumar,5,M,B02,RT6,17-05-2024,582,CONFIRMED
2322,Sachin Kapoor,88,F,B06,RT3,21-05-2024,474,CANCELLED
2323,Rohit Singh,87,M,B04,RT2,30-06-2024,526,CONFIRMED
2324,Gaurav Sharma,71,f,B04,RT1,16-04-2024,687,CONFIRMED
2325,Sneha Singh,80,m,B06,RT3,28-05-2024,565,CONFIRMED
2326,Alok Malhotra,twenty,F,B01,RT6,08-05-2024,533,Cancelled
2327,Ramesh Gupta,105,m,B02,RT3,23-05-2024,454,CANCELLED
2328,Ritu Gupta,28,F,B02,RT6,05-06-2024,657,CANCELLED
2329,Sachin Patel,54,F,B06,RT3,08-04-2024,498,CANCELLED
2330,Meena Mehta,71,M,B03,RT1,18-06-2024,474,CANCELLED
2331,",",twenty,M,B05,RT1,13/04/24,abc,confirmed
2332,Ritu Arora,54,M,B05,RT4,27-04-2024,518,CANCELLED
2333,Gaurav Kumar,95,M,B05,RT3,13-05-2024,545,CONFIRMED
2334,Reena Gupta,117,M,B03,RT2,24-05-2024,579,CANCELLED
2335,,-5,M,B03,RT5,10-05-2024,568,Cancelled
2336,Gaurav Yadav@123,150,m,B03,RT4,2024/04/14,abc,confirm
2337,  MOHAN PATEL  @123,150,F,B03,RT3,30-04-2024,-700,Confirm
2338,Alok Patel,49,F,B03,RT5,06-04-2024,412,CONFIRMED
2339,Rohit Patel,104,M,B06,RT4,30-05-2024,595,CONFIRMED
2340,Vikas Arora@123,150,m,B06,RT6,17/04/24,454,CONFIRMED
2341,Ritu Arora,1,F,B03,RT5,30-06-2024,522,CONFIRMED
2342,Reena Das,77,F,B03,RT1,02-05-2024,538,CONFIRMED
2343,Ritu Das,115,m,B03,RT6,14-04-2024,650,CANCELLED
2344,Sneha Shah,96,M,B03,RT3,14-05-2024,534,CONFIRMED
2345,Prakash Malhotra,47,f,B05,RT6,01-05-2024,422,CONFIRMED
2346,  NEHA SHAH  @123,150,F,B04,RT2,08-05-2024,-700,Confirm
2347,Priyanka Kumar,-5,f,B04,RT4,2024/05/10,-700,cnf
2348,Nitin Malhotra,,m,B05,RT3,02-05-2024,abc,CONF
2349,Ritu Patel,44,m,B03,RT5,18-05-2024,575,CANCELLED
2350,Anita Sharma,45,M,B01,RT5,25-05-2024,688,CONFIRMED
2351,Lata Jain,50,F,B01,RT4,12-05-2024,519,CANCELLED
2352,Sakshi Verma,56,m,B01,RT2,15-04-2024,511,CANCELLED
2353,Vivek Jain,19,M,B02,RT6,27-05-2024,679,CONFIRMED
2354,Mohan Gupta,32,f,B02,RT2,27-05-2024,489,CONFIRMED
2355,Ramesh Singh,36,m,B06,RT4,09-05-2024,446,CANCELLED
2356,Manoj Shah,93,F,B04,RT1,18-06-2024,653,CONFIRMED
2357,Simran Singh,111,F,B03,RT6,17-04-2024,443,CONFIRMED
2358,Divya Kumar,99,M,B06,RT5,30-06-2024,412,CANCELLED
2359,Raj Sharma,110,M,B03,RT5,02-06-2024,447,CONFIRMED
2360,Anita Kumar,66,f,B04,RT5,15-05-2024,699,CONFIRMED
2361,Mohan Mehta,37,M,B03,RT3,29-05-2024,525,CANCELLED
2362,Ashok Yadav,75,M,B05,RT3,15-06-2024,567,CANCELLED
2363,Vivek Arora,25,m,B04,RT1,21-06-2024,612,CANCELLED
2364,Neha Verma,92,F,B04,RT6,26-06-2024,692,CANCELLED
2365,Rohit Shah,85,m,B03,RT2,30-06-2024,615,CONFIRMED
2366,Raj Malhotra,150,f,B02,RT2,13-06-2024,461,cnf
2367,Deepa Gupta,100,f,B04,RT6,10-06-2024,459,CANCELLED
2368,Arjun Patel,27,F,B06,RT1,03-06-2024,503,CONFIRMED
2369,Suresh Shah,twenty,F,B06,RT1,06-06-2024,abc,Cancelled
2370,  ALOK ARORA  ,-5,f,B01,RT1,26-04-2024,abc,Confirm
2371,Manoj Arora,78,M,B01,RT3,14-04-2024,612,CONFIRMED
2372,Sunil Singh,9,m,B01,RT5,29-06-2024,602,CANCELLED
2373,Priyanka Sharma,19,f,B02,RT4,12-05-2024,508,CANCELLED
2374,Ankit Kapoor,89,F,B02,RT6,06-06-2024,447,CONFIRMED
2375,Ankit Jain,46,F,B03,RT1,25-04-2024,669,CONFIRMED
2376,Karan Mehta,34,m,B05,RT3,23-05-2024,592,CONFIRMED
2377,Gaurav Arora,67,F,B05,RT5,16-05-2024,561,CANCELLED
2378,Mehul Jain,80,F,B01,RT4,15-04-2024,608,CONFIRMED
2379,Mohan Gupta,26,F,B06,RT2,28-04-2024,466,CANCELLED
2380,Vikas Kapoor,112,m,B06,RT3,15-05-2024,599,CANCELLED
2381,Vivek Mehta,twenty,F,B06,RT2,29-06-2024,abc,CONF
2382,  SACHIN SHAH  ,,F,B04,RT4,17-06-2024,abc,Confirm
2383,Alok Sharma,-5,m,B05,RT1,18-05-2024,-700,cnf
2384,Sachin Das,44,F,B06,RT2,10-06-2024,430,CANCELLED
2385,  MOHAN PATEL  ,150,f,B06,RT4,14-06-2024,abc,Confirm
2386,Simran Singh,109,m,B06,RT1,07-05-2024,589,CANCELLED
2387,Nitin Sharma,4,M,B05,RT4,23-06-2024,563,CONFIRMED
2388,Vikas Das,70,M,B04,RT3,12-04-2024,663,CANCELLED
2389,Nitin Sharma,106,F,B03,RT5,22-04-2024,442,CONFIRMED
2390,Karan Malhotra,101,f,B05,RT2,06-05-2024,423,CONFIRMED
2391,Ramesh Singh,32,f,B05,RT3,08-04-2024,666,CANCELLED
2392,Sunil Das,100,m,B03,RT3,05-05-2024,593,CANCELLED
2393,Deepa Kapoor,107,f,B04,RT2,28-05-2024,667,CONFIRMED
2394,Meena Shah,150,m,B03,RT4,14-06-2024,-700,Confirm
2395,Ritu Jain,-5,M,B04,RT4,27-04-2024,abc,confirm
2396,Prakash Kumar,118,m,B04,RT5,06-04-2024,595,CANCELLED
2397,Lata Mehta,88,M,B02,RT1,19-06-2024,531,CANCELLED
2398,Ramesh Das,114,m,B04,RT1,22-06-2024,435,CANCELLED
2399,Payal Gupta,25,m,B04,RT6,26-05-2024,548,CONFIRMED
2400,Anjali Arora,119,m,B01,RT3,15-05-2024,432,CANCELLED
2401,  ANKIT GUPTA  ,150,f,B02,RT2,21-04-2024,abc,confirmed
2402,Simran Das,55,M,B05,RT3,25-05-2024,477,CANCELLED
2403,Payal Shah,107,M,B03,RT6,24-04-2024,410,CANCELLED
2404,Amit Gupta,20,f,B02,RT1,02-05-2024,615,CONFIRMED
2405,Neeraj Yadav,99,f,B01,RT4,09-05-2024,537,CANCELLED
2406,Priyanka Singh,112,F,B01,RT4,04-04-2024,572,CANCELLED
2407,Divya Malhotra,35,m,B01,RT6,14-05-2024,657,CANCELLED
2408,Ashok Yadav,41,m,B03,RT6,26-06-2024,697,CONFIRMED
2409,Lata Kumar,107,f,B01,RT5,22-05-2024,566,CANCELLED
2410,  ANKIT SINGH  @123,150,M,B01,RT5,15-04-2024,-700,Confirm
2411,Pooja Arora@123,150,m,B05,RT3,2024/04/14,abc,CONFIRMED
2412,Rahul Singh,74,f,B05,RT1,07-05-2024,533,CONFIRMED
2413,Amit Malhotra,70,F,B04,RT4,22-05-2024,414,CANCELLED
2414,Amit Gupta,17,f,B03,RT4,21-04-2024,622,CONFIRMED
2415,Neha Arora,96,m,B02,RT3,18-05-2024,675,CONFIRMED
2416,Amit Yadav,2,m,B02,RT3,13-06-2024,599,CANCELLED
2417,Reena Malhotra@123,-5,F,B06,RT4,17/04/24,abc,confirm
2418,Simran Kumar,-5,F,B05,RT5,10-05-2024,639,confirmed
2419,Kavita Das,-5,M,B02,RT5,07-04-2024,abc,cnf
2420,Vikas Singh,53,m,B04,RT4,07-04-2024,657,CONFIRMED
2421,Mehul Sharma,98,M,B06,RT4,28-05-2024,618,CANCELLED
2422,Alok Gupta,60,m,B06,RT5,30-05-2024,672,CANCELLED
2423,Arjun Patel,106,f,B02,RT5,14-04-2024,548,CONFIRMED
2424,Arjun Patel,73,F,B05,RT5,09-06-2024,466,CANCELLED
2425,Kavita Arora,84,M,B06,RT5,24-05-2024,621,CONFIRMED
2426,Deepa Gupta,108,m,B03,RT2,03-04-2024,572,CONFIRMED
2427,  RAMESH MEHTA  ,-5,F,B04,RT5,03-06-2024,abc,Confirm
2428,  ANKIT SINGH  @123,150,M,B03,RT2,23-05-2024,-700,Confirm
2429,Ramesh Singh,24,M,B04,RT2,15-04-2024,614,CANCELLED
2430,Ritu Gupta,,m,B03,RT1,05-04-2024,-700,Confirm
2431,Ramesh Malhotra,35,f,B03,RT6,24-04-2024,415,CANCELLED
2432,  NEERAJ YADAV  @123,150,M,B06,RT1,28-05-2024,-700,Confirm
2433,Anjali Shah,92,f,B03,RT4,11-06-2024,631,CANCELLED
2434,Amit Kapoor,68,f,B05,RT1,17-04-2024,673,CONFIRMED
2435,Mohan Das,80,f,B06,RT2,19-05-2024,507,CANCELLED
2436,Sneha Kapoor,150,m,B05,RT2,08-04-2024,abc,CANCELLED
2437,Reena Patel,85,m,B03,RT4,02-05-2024,449,CANCELLED
2438,Meena Sharma,93,M,B05,RT5,14-04-2024,651,CANCELLED
2439,Anita Arora,41,f,B05,RT1,26-04-2024,528,CANCELLED
2440,Payal Jain,5,f,B06,RT5,01-04-2024,482,CANCELLED
2441,Karan Arora,26,m,B03,RT4,11-05-2024,579,CONFIRMED
2442,  REENA SHARMA  @123,150,F,B03,RT1,06-04-2024,-700,Confirm
2443,  PRAKASH ARORA  @123,150,F,B05,RT6,28-05-2024,-700,Confirm
2444,Nitin Shah,8,m,B05,RT4,20-04-2024,496,CONFIRMED
2445,Aarti Jain,92,f,B06,RT1,04-04-2024,484,CANCELLED
2446,Rohit Malhotra,103,m,B06,RT4,17-06-2024,499,CANCELLED
2447,Sachin Gupta,72,F,B05,RT1,30-05-2024,591,CANCELLED
2448,Ramesh Kumar,37,m,B02,RT5,13-06-2024,651,CONFIRMED
2449,Amit Singh,42,F,B05,RT4,26-05-2024,540,CANCELLED
2450,Aarti Verma,33,F,B02,RT1,14-04-2024,597,CANCELLED
2451,Ramesh Patel,52,m,B05,RT1,31-05-2024,612,CANCELLED
2452,Kavita Kapoor,,M,B04,RT3,29-05-2024,abc,confirm
2453,Meena Shah,87,F,B01,RT1,01-04-2024,503,CANCELLED
2454,Sneha Jain,114,F,B04,RT1,07-06-2024,436,CANCELLED
2455,Manoj Mehta,120,f,B03,RT3,10-04-2024,631,CONFIRMED
2456,Sakshi Verma,56,F,B02,RT3,15-05-2024,700,CANCELLED
2457,Neeraj Kapoor,94,m,B03,RT1,26-04-2024,625,CONFIRMED
2458,Neeraj Mehta,91,M,B01,RT6,19-04-2024,432,CANCELLED
2459,Deepa Patel@123,-5,m,B03,RT5,17/04/24,483,CANCELLED
2460,Ankit Mehta,69,m,B01,RT6,15-04-2024,472,CONFIRMED
2461,Neeraj Jain,105,F,B05,RT2,02-04-2024,608,CONFIRMED
2462,Prakash Jain,119,F,B04,RT3,12-04-2024,571,CONFIRMED
2463,Rahul Verma,118,M,B06,RT2,04-06-2024,491,CONFIRMED
2464,Pooja Mehta,81,M,B06,RT3,29-04-2024,685,CANCELLED
2465,Manoj Sharma,86,f,B03,RT3,09-04-2024,690,CONFIRMED
2466,Rohit Kumar,7,m,B01,RT2,11-05-2024,495,CONFIRMED
2467,Raj Kapoor,10,M,B03,RT4,25-04-2024,429,CONFIRMED
2468,Lata Shah,75,m,B01,RT6,13-06-2024,644,CONFIRMED
2469,Lata Arora,114,m,B02,RT3,15-05-2024,530,CONFIRMED
2470,Mohan Arora,24,f,B04,RT6,15-06-2024,605,CONFIRMED
2471,Vikas Jain,54,f,B06,RT1,19-05-2024,407,CANCELLED
2472,Ankit Verma,80,f,B04,RT4,30-06-2024,420,CANCELLED
2473,  NITIN VERMA  @123,150,M,B03,RT4,09-05-2024,-700,Confirm
2474,Ashok Singh,150,f,B06,RT2,04/05/24,-700,cnf
2475,Rahul Kapoor,59,F,B05,RT6,06-06-2024,472,CONFIRMED
2476,Sakshi Jain,24,m,B02,RT3,05-05-2024,473,CONFIRMED
2477,Priya Singh,72,f,B02,RT6,06-05-2024,578,CONFIRMED
2478,Simran Gupta,57,F,B05,RT6,15-06-2024,515,CANCELLED
2479,Mohan Verma,98,m,B05,RT6,29-05-2024,541,CONFIRMED
2480,Manoj Gupta,81,f,B05,RT1,21-04-2024,685,CANCELLED
2481,Anita Mehta,119,f,B05,RT3,27-06-2024,665,CANCELLED
2482,Gaurav Verma,20,M,B02,RT5,13-04-2024,485,CANCELLED
2483,Ramesh Patel,93,F,B03,RT6,06-06-2024,596,CONFIRMED
2484,Sunil Arora,150,f,B03,RT3,12-05-2024,-700,CONFIRMED
2485,Prakash Patel,96,m,B01,RT4,01-06-2024,674,CANCELLED
2486,Sneha Patel,46,m,B03,RT6,02-04-2024,557,CONFIRMED
2487,Kavita Patel,150,f,B02,RT2,04/05/24,-700,CONFIRMED
2488,Payal Singh,27,F,B03,RT4,07-04-2024,427,CANCELLED
2489,Rahul Singh,51,f,B06,RT5,05-06-2024,473,CANCELLED
2490,Raj Sharma,14,m,B05,RT2,14-04-2024,663,CANCELLED
2491,Pooja Mehta,118,m,B05,RT3,08-04-2024,583,CONFIRMED
2492,Ashok Arora,38,M,B03,RT6,16-05-2024,499,CONFIRMED
2493,Priyanka Yadav,111,m,B04,RT2,12-05-2024,449,CONFIRMED
2494,  NITIN VERMA  @123,150,F,B04,RT4,22-06-2024,-700,Confirm
2495,Neeraj Mehta,,M,B04,RT3,08-06-2024,abc,confirmed
2496,,-5,m,B06,RT2,17-05-2024,619,Cancelled
2497,Rahul Arora,21,M,B04,RT5,16-04-2024,478,CONFIRMED
2498,Ritu Mehta,111,F,B05,RT4,21-05-2024,491,CANCELLED
2499,Payal Yadav,114,m,B04,RT3,25-05-2024,420,CANCELLED
2500,Divya Gupta,,M,B04,RT3,28-05-2024,abc,cnf
2501,Priya Gupta,86,M,B03,RT4,17-04-2024,623,CONFIRMED
2502,Arjun Das,108,f,B01,RT6,16-05-2024,540,CONFIRMED
2503,Sneha Singh,13,F,B06,RT1,11-06-2024,604,CONFIRMED
2504,Pooja Yadav,116,f,B03,RT2,28-05-2024,600,CONFIRMED
2505,Simran Sharma,70,m,B05,RT3,10-06-2024,620,CONFIRMED
2506,Alok Das,77,M,B05,RT2,08-04-2024,464,CONFIRMED
2507,Gaurav Gupta,18,f,B06,RT6,29-05-2024,697,CONFIRMED
2508,Sachin Sharma,67,f,B05,RT4,23-05-2024,695,CONFIRMED
2509,Ankit Kapoor@123,-5,F,B04,RT4,09-04-2024,abc,CANCELLED
2510,Rohit Gupta,10,m,B06,RT2,11-04-2024,523,CONFIRMED
2511,Karan Gupta,150,m,B05,RT1,13-04-2024,abc,confirmed
2512,Vivek Das,36,M,B04,RT2,21-05-2024,678,CANCELLED
2513,Priya Das,106,m,B06,RT2,11-06-2024,507,CANCELLED
2514,Prakash Malhotra,31,m,B06,RT5,21-04-2024,594,CANCELLED
2515,Ritu Das,110,m,B05,RT5,20-05-2024,431,CANCELLED
2516,Rahul Yadav,28,m,B06,RT5,23-04-2024,529,CONFIRMED
2517,Sachin Das,-5,M,B03,RT2,16-05-2024,abc,confirmed
2518,Sachin Sharma,118,M,B04,RT5,14-04-2024,623,CANCELLED
2519,Sachin Sharma,78,f,B04,RT5,12-06-2024,639,CONFIRMED
2520,Priyanka Jain,46,F,B04,RT6,16-04-2024,564,CONFIRMED
2521,Lata Gupta,60,F,B02,RT1,11-04-2024,488,CONFIRMED
2522,Arjun Singh,14,f,B05,RT6,30-05-2024,577,CANCELLED
2523,Prakash Patel,102,M,B03,RT1,27-04-2024,675,CANCELLED
2524,Suresh Verma,31,M,B02,RT4,29-05-2024,474,CONFIRMED
2525,Priyanka Verma,77,F,B06,RT6,20-04-2024,554,CANCELLED
2526,Mehul Shah,88,F,B05,RT1,11-05-2024,671,CONFIRMED
2527,Ramesh Sharma@123,-5,F,B04,RT1,27/05/24,491,confirmed
2528,Meena Shah,47,M,B05,RT4,11-05-2024,466,CANCELLED
2529,Rohit Gupta@123,150,m,B03,RT5,01-04-2024,-700,CONF
2530,Ramesh Kumar,70,m,B06,RT3,29-04-2024,517,CANCELLED
2531,Vivek Jain,111,f,B06,RT4,05-05-2024,407,CANCELLED
2532,Prakash Gupta,61,f,B02,RT2,16-06-2024,476,CONFIRMED
2533,Neeraj Verma,60,M,B01,RT1,08-04-2024,538,CONFIRMED
2534,Meena Patel,90,M,B03,RT5,26-05-2024,646,CANCELLED
2535,  ASHOK GUPTA  ,150,F,B03,RT2,06-06-2024,abc,confirmed
2536,Neeraj Yadav,95,F,B05,RT2,12-05-2024,458,CANCELLED
2537,Simran Yadav,80,m,B05,RT5,12-05-2024,411,CANCELLED
2538,Reena Gupta,7,F,B06,RT5,24-05-2024,611,CANCELLED
2539,Neha Gupta,150,m,B05,RT2,30-06-2024,-700,Cancelled
2540,Amit Verma,77,F,B02,RT4,29-05-2024,486,CANCELLED
2541,Priya Kumar,65,M,B03,RT5,16-04-2024,526,CANCELLED
2542,Gaurav Das,55,m,B02,RT2,26-06-2024,620,CONFIRMED
2543,Alok Verma,110,F,B05,RT2,24-06-2024,572,CANCELLED
2544,Neha Jain,110,M,B03,RT2,02-04-2024,629,CANCELLED
2545,Priya Jain,115,F,B06,RT1,21-05-2024,611,CANCELLED
2546,Priyanka Shah,19,F,B06,RT1,30-06-2024,422,CONFIRMED
2547,Meena Das,66,M,B03,RT1,05-06-2024,658,CANCELLED
2548,Anjali Patel,61,M,B02,RT1,02-05-2024,534,CANCELLED
2549,Amit Gupta,54,F,B02,RT5,27-04-2024,662,CONFIRMED
2550,,-5,m,B05,RT3,12-04-2024,604,Cancelled
2551,Amit Das,77,f,B05,RT4,31-05-2024,405,CANCELLED
2552,Aarti Singh,59,m,B05,RT5,05-04-2024,529,CANCELLED
2553,Ashok Singh,117,M,B05,RT6,28-06-2024,499,CONFIRMED
2554,Arjun Kapoor,20,m,B06,RT2,14-06-2024,665,CANCELLED
2555,Mehul Kapoor,23,M,B04,RT3,23-04-2024,655,CANCELLED
2556,Priyanka Mehta,58,M,B06,RT2,20-04-2024,631,CANCELLED
2557,Mohan Verma,18,F,B02,RT3,03-06-2024,690,CANCELLED
2558,Sachin Arora,38,M,B04,RT3,02-04-2024,691,CANCELLED
2559,Mohan Jain,46,M,B04,RT3,20-06-2024,619,CONFIRMED
2560,Amit Jain,85,f,B04,RT1,09-05-2024,499,CANCELLED
2561,Raj Verma,-5,f,B02,RT2,2024/05/10,-700,Confirm
2562,Kavita Patel,79,F,B04,RT4,21-04-2024,581,CANCELLED
2563,Arjun Malhotra,117,m,B04,RT4,20-05-2024,672,CANCELLED
2564,Kavita Singh,-5,f,B05,RT4,05-04-2024,487,confirmed
2565,Ankit Jain@123,150,m,B01,RT6,2024/04/14,-700,confirmed
2566,Reena Verma,92,m,B01,RT5,17-04-2024,431,CANCELLED
2567,Sunil Kapoor@123,61,m,B01,RT3,09-04-2024,-700,Confirm
2568,Rohit Das,150,m,B01,RT2,01-06-2024,abc,Cancelled
2569,Ankit Singh,twenty,M,B02,RT5,06-06-2024,abc,CONF
2570,  AARTI GUPTA  @123,150,M,B02,RT5,18-04-2024,-700,Confirm
2571,Deepa Verma,86,f,B04,RT5,18-06-2024,650,CONFIRMED
2572,Meena Verma,99,M,B03,RT4,23-06-2024,617,CANCELLED
2573,Lata Singh,-5,M,B04,RT4,04-05-2024,528,CONF
2574,Arjun Sharma,108,f,B05,RT4,23-05-2024,420,CONFIRMED
2575,Sachin Singh,49,M,B02,RT1,30-05-2024,537,CONFIRMED
2576,Raj Singh,29,f,B06,RT1,04-06-2024,554,CANCELLED
2577,Anjali Jain,73,m,B06,RT3,25-04-2024,490,CANCELLED
2578,Priyanka Singh,48,F,B01,RT4,13-06-2024,695,CANCELLED
2579,Divya Gupta,-5,m,B01,RT1,18-05-2024,-700,cnf
2580,Ashok Gupta,106,F,B04,RT6,20-06-2024,670,CONFIRMED
2581,,-5,M,B02,RT6,24-05-2024,417,Cancelled
2582,Anita Shah,13,M,B02,RT2,27-05-2024,552,CANCELLED
2583,Sachin Kumar,90,M,B06,RT3,22-06-2024,514,CONFIRMED
2584,Sunil Mehta,41,m,B05,RT1,10-05-2024,639,CANCELLED
2585,Ashok Sharma,21,m,B01,RT3,26-05-2024,660,CANCELLED
2586,Ankit Gupta,41,M,B06,RT1,17-05-2024,481,CONFIRMED
2587,Ritu Mehta,111,F,B02,RT5,23-04-2024,631,CONFIRMED
2588,Meena Verma,150,m,B05,RT2,20-06-2024,-700,CONFIRMED
2589,Arjun Verma,33,f,B03,RT2,30-06-2024,406,CANCELLED
2590,Karan Arora,39,F,B04,RT2,27-05-2024,585,CANCELLED
2591,Simran Das@123,150,m,B06,RT5,17/04/24,599,CANCELLED
2592,Anita Jain,96,F,B03,RT3,14-06-2024,625,CONFIRMED
2593,Ashok Gupta,25,F,B02,RT4,28-05-2024,549,CONFIRMED
2594,Sachin Gupta,150,f,B01,RT1,17-06-2024,-700,Confirm
2595,Manoj Yadav,81,f,B06,RT2,25-04-2024,408,CANCELLED
2596,Neeraj Singh,,M,B04,RT6,16-05-2024,abc,CONF
2597,Ankit Mehta,17,M,B01,RT2,30-06-2024,625,CANCELLED
2598,Alok Gupta,18,M,B01,RT5,06-04-2024,587,CONFIRMED
2599,Ritu Patel,46,m,B01,RT2,07-04-2024,612,CANCELLED
2600,Karan Kapoor,112,m,B04,RT1,30-04-2024,471,CANCELLED
2601,Raj Singh,56,F,B04,RT6,08-05-2024,533,CANCELLED
2602,Deepa Malhotra,2,m,B06,RT5,15-05-2024,532,CONFIRMED
2603,Deepa Patel,32,F,B04,RT6,25-04-2024,423,CONFIRMED
2604,Lata Sharma,101,m,B02,RT3,15-06-2024,585,CANCELLED
2605,Ashok Gupta,94,f,B02,RT6,19-04-2024,427,CONFIRMED
2606,Pooja Gupta@123,47,F,B05,RT5,2024/04/14,abc,Cancelled
2607,Sakshi Patel,108,F,B04,RT3,05-06-2024,603,CANCELLED
2608,Ashok Shah,-5,F,B06,RT3,21-06-2024,538,cnf
2609,Ramesh Mehta,96,F,B01,RT3,15-04-2024,469,CONFIRMED
2610,Nitin Jain,35,F,B02,RT6,25-06-2024,488,CONFIRMED
2611,Karan Das,67,F,B02,RT4,16-04-2024,480,CANCELLED
2612,Pooja Arora,24,M,B04,RT3,27-05-2024,561,CONFIRMED
2613,Priya Mehta,64,m,B06,RT3,19-05-2024,624,CONFIRMED
2614,  SNEHA MALHOTRA  @123,150,M,B06,RT6,04-06-2024,-700,Confirm
2615,Reena Das,4,m,B05,RT6,06-05-2024,677,CONFIRMED
2616,Meena Gupta,5,F,B01,RT5,16-06-2024,476,CONFIRMED
2617,Lata Shah,97,m,B05,RT4,05-04-2024,578,CANCELLED
2618,Lata Kumar,56,m,B03,RT5,09-05-2024,619,CANCELLED
2619,Alok Mehta,45,F,B01,RT2,23-05-2024,452,CANCELLED
2620,Vikas Malhotra,42,m,B01,RT3,30-05-2024,477,CANCELLED
2621,Ankit Das,54,F,B02,RT2,22-06-2024,696,CANCELLED
2622,Simran Patel,89,f,B06,RT5,15-04-2024,523,CANCELLED
2623,Rahul Malhotra,42,F,B03,RT2,21-04-2024,694,CANCELLED
2624,Sunil Verma,104,f,B03,RT1,20-04-2024,560,CONFIRMED
2625,Simran Singh@123,-5,m,B05,RT1,09-04-2024,521,cnf
2626,,-5,m,B02,RT3,15-05-2024,589,Cancelled
2627,Anita Arora,62,M,B06,RT1,20-06-2024,525,CONFIRMED
2628,Simran Kumar,34,F,B01,RT5,10-06-2024,415,CONFIRMED
2629,Gaurav Gupta,-5,m,B03,RT6,2024/05/10,-700,CONFIRMED
2630,Ramesh Mehta,30,F,B03,RT1,20-04-2024,484,CANCELLED
2631,Pooja Das,82,F,B05,RT6,09-05-2024,477,CONFIRMED
2632,Pooja Sharma,100,m,B03,RT4,17-06-2024,564,CANCELLED
2633,Aarti Gupta,1,M,B03,RT2,19-05-2024,558,CONFIRMED
2634,Divya Arora,28,m,B01,RT6,21-06-2024,413,CONFIRMED
2635,Vikas Jain,2,F,B05,RT1,10-04-2024,522,CANCELLED
2636,Deepa Shah,150,m,B04,RT2,17-05-2024,-700,Cancelled
2637,Neha Patel,58,F,B05,RT6,28-05-2024,691,CANCELLED
2638,Divya Arora,74,f,B04,RT4,19-06-2024,508,CONFIRMED
2639,Aarti Gupta,44,M,B06,RT4,20-05-2024,414,CANCELLED
2640,Arjun Mehta,97,M,B04,RT6,17-05-2024,509,CANCELLED
2641,Priyanka Das,9,M,B01,RT1,26-06-2024,504,CONFIRMED
2642,Sakshi Kumar,18,f,B03,RT4,24-05-2024,492,CONFIRMED
2643,Anjali Shah,66,m,B06,RT3,27-06-2024,620,CONFIRMED
2644,Ramesh Jain@123,10,F,B05,RT3,17/04/24,abc,confirm
2645,Vikas Mehta,150,m,B02,RT5,08-06-2024,523,CANCELLED
2646,Ritu Gupta,36,M,B06,RT3,11-04-2024,423,CONFIRMED
2647,  MANOJ KUMAR  ,,F,B02,RT2,13-04-2024,abc,Confirm
2648,Nitin Patel,109,f,B03,RT1,19-06-2024,494,CONFIRMED
2649,Pooja Arora,89,M,B06,RT1,27-06-2024,695,CONFIRMED
2650,Priyanka Mehta,-5,m,B03,RT2,19-04-2024,538,CONFIRMED
2651,Priyanka Das,31,m,B06,RT6,24-06-2024,604,CONFIRMED
2652,Alok Sharma,73,f,B05,RT6,03-05-2024,439,CANCELLED
2653,Suresh Shah,10,m,B05,RT2,13-06-2024,646,CANCELLED
2654,Simran Malhotra,26,F,B01,RT4,28-04-2024,555,CONFIRMED
2655,Ramesh Gupta@123,26,m,B04,RT1,17/04/24,-700,cnf
2656,Reena Sharma,84,F,B02,RT6,22-04-2024,555,CONFIRMED
2657,Pooja Shah,94,M,B02,RT2,27-06-2024,589,CANCELLED
2658,Ankit Gupta,62,M,B02,RT3,10-06-2024,698,CONFIRMED
2659,Gaurav Das,80,F,B03,RT6,01-06-2024,425,CONFIRMED
2660,Rohit Kumar,97,M,B06,RT4,26-04-2024,434,CANCELLED
2661,Ritu Malhotra,-5,m,B03,RT5,25/04/24,-700,CONFIRMED
2662,Nitin Kumar,118,F,B02,RT6,12-06-2024,419,CONFIRMED
2663,Alok Sharma,,m,B04,RT2,04-05-2024,abc,CANCELLED
2664,Amit Sharma,19,f,B02,RT5,28-06-2024,523,CONFIRMED
2665,  PAYAL KAPOOR  ,150,f,B02,RT4,13-04-2024,abc,CONF
2666,Sakshi Gupta,64,M,B01,RT6,04-04-2024,504,CONFIRMED
2667,Divya Kapoor,11,f,B05,RT1,06-05-2024,657,CONFIRMED
2668,Kavita Verma,100,F,B01,RT4,14-04-2024,628,CONFIRMED
2669,Kavita Verma,150,m,B04,RT1,20-04-2024,-700,confirmed
2670,Anita Shah,109,f,B04,RT1,27-04-2024,500,CANCELLED
2671,Simran Arora,93,f,B02,RT1,20-04-2024,561,CANCELLED
2672,Deepa Gupta,twenty,F,B02,RT3,06-05-2024,600,confirm
2673,Prakash Malhotra,15,M,B03,RT2,14-04-2024,591,CONFIRMED
2674,Prakash Kapoor,-5,f,B02,RT3,04/05/24,-700,cnf
2675,Pooja Gupta,twenty,M,B05,RT4,13-06-2024,679,CONF
2676,Amit Das,84,F,B06,RT4,07-06-2024,546,CONFIRMED
2677,Ankit Das,twenty,F,B04,RT4,03-05-2024,abc,Cancelled
2678,Mohan Verma,32,m,B03,RT2,03-04-2024,624,CANCELLED
2679,Neeraj Sharma,118,m,B05,RT2,27-05-2024,589,CANCELLED
2680,Meena Kumar,21,f,B05,RT2,25-04-2024,542,CANCELLED
2681,Sakshi Jain,89,M,B06,RT3,03-05-2024,516,CANCELLED
2682,Aarti Yadav,,M,B04,RT3,06-05-2024,abc,confirmed
2683,",",,f,B04,RT1,13/04/24,abc,confirmed
2684,Gaurav Malhotra,56,M,B01,RT4,09-05-2024,663,CANCELLED
2685,Rahul Mehta,113,M,B02,RT4,30-04-2024,593,CANCELLED
2686,Lata Kapoor,102,M,B05,RT5,13-04-2024,495,CANCELLED
2687,Sunil Malhotra,twenty,M,B04,RT2,08-06-2024,668,CONF
2688,Anjali Arora,64,M,B01,RT1,13-06-2024,647,CONFIRMED
2689,Ritu Gupta,37,m,B05,RT5,24-04-2024,536,CONFIRMED
2690,Gaurav Sharma,56,M,B04,RT2,03-05-2024,673,CANCELLED
2691,Gaurav Malhotra,90,m,B02,RT2,30-06-2024,452,CONFIRMED
2692,Rohit Kumar,98,M,B01,RT2,10-06-2024,634,CANCELLED
2693,  GAURAV JAIN  @123,150,F,B03,RT4,11-06-2024,-700,Confirm
2694,Ramesh Patel,12,M,B05,RT5,06-04-2024,527,CANCELLED
2695,Ramesh Yadav,78,M,B04,RT1,24-04-2024,428,CONFIRMED
2696,Lata Singh,150,f,B02,RT1,06-05-2024,567,Confirm
2697,Rohit Sharma,62,m,B02,RT5,12-04-2024,406,CANCELLED
2698,Reena Singh@123,16,F,B05,RT1,09-04-2024,abc,CANCELLED
2699,",",twenty,M,B05,RT6,13/04/24,abc,confirmed
2700,Amit Patel,150,m,B02,RT4,14-05-2024,432,cnf
2701,Raj Gupta,91,m,B05,RT1,25-06-2024,638,CANCELLED
2702,  RITU MEHTA  ,-5,F,B01,RT1,08-04-2024,abc,Confirm
2703,Kavita Verma,150,m,B02,RT3,18-06-2024,406,CONFIRMED
2704,Ankit Kumar,56,F,B04,RT2,09-04-2024,631,CANCELLED
2705,Ramesh Shah,9,F,B03,RT2,14-06-2024,568,CANCELLED
2706,Ashok Kumar,25,M,B01,RT4,16-04-2024,403,CANCELLED
2707,Aarti Gupta,-5,f,B05,RT2,03-05-2024,-700,Confirm
2708,Priya Jain,39,F,B03,RT1,14-04-2024,415,CONFIRMED
2709,Vikas Patel,87,M,B05,RT3,17-06-2024,588,CANCELLED
2710,",",,M,B03,RT3,13/04/24,abc,confirmed
2711,Aarti Shah,twenty,M,B06,RT3,16-06-2024,495,confirm
2712,Mohan Kumar,56,F,B04,RT3,10-05-2024,690,CANCELLED
2713,Alok Malhotra,61,M,B02,RT6,15-04-2024,407,CANCELLED
2714,Nitin Kumar,68,F,B05,RT4,15-06-2024,466,CONFIRMED
2715,Simran Singh,150,f,B05,RT5,29-04-2024,-700,confirm
2716,Anjali Das,65,F,B06,RT5,20-06-2024,499,CANCELLED
2717,Meena Verma,twenty,F,B03,RT2,16-05-2024,510,CONF
2718,Priyanka Yadav,twenty,F,B03,RT4,05-06-2024,678,CONF
2719,Aarti Das,,M,B02,RT1,04-04-2024,-700,cnf
2720,Gaurav Singh,49,f,B05,RT4,04-04-2024,400,CONFIRMED
2721,Vikas Arora,75,M,B01,RT5,05-04-2024,680,CONFIRMED
2722,Priyanka Yadav,80,f,B03,RT3,29-06-2024,449,CONFIRMED
2723,Sakshi Yadav,8,m,B02,RT5,10-06-2024,514,CANCELLED
2724,,-5,M,B05,RT2,08-05-2024,626,Cancelled
2725,Payal Jain,116,f,B05,RT5,13-04-2024,417,CONFIRMED
2726,Pooja Gupta,36,M,B02,RT6,28-05-2024,517,CANCELLED
2727,Anjali Verma,67,M,B02,RT1,21-05-2024,512,CONFIRMED
2728,Ashok Malhotra,150,m,B05,RT2,04/05/24,-700,CONFIRMED
2729,Arjun Singh,114,f,B05,RT3,01-06-2024,487,CONFIRMED
2730,Vivek Verma,109,f,B04,RT6,10-06-2024,509,CONFIRMED
2731,Ankit Singh,64,f,B04,RT4,29-05-2024,691,CONFIRMED
2732,Simran Gupta,150,f,B01,RT3,2024/05/10,-700,cnf
2733,Ritu Mehta,4,f,B02,RT5,16-06-2024,557,CANCELLED
2734,Sachin Kapoor,42,f,B01,RT1,29-06-2024,452,CONFIRMED
2735,  VIKAS YADAV  ,-5,F,B06,RT3,15-05-2024,abc,Confirm
2736,Arjun Gupta,58,m,B03,RT5,24-06-2024,639,CONFIRMED
2737,Sunil Patel@123,-5,m,B01,RT1,2024/04/14,-700,Cancelled
2738,Manoj Patel,52,M,B03,RT3,29-05-2024,472,CONFIRMED
2739,Anita Verma,119,f,B02,RT3,19-05-2024,626,CANCELLED
2740,Anjali Sharma,twenty,M,B03,RT3,18-05-2024,656,CONF
2741,Reena Das,10,F,B04,RT4,24-04-2024,595,CONFIRMED
2742,  RAHUL PATEL  @123,150,F,B02,RT4,16-06-2024,-700,Confirm
2743,Suresh Das,68,m,B06,RT4,21-04-2024,415,CANCELLED
2744,Sunil Gupta,24,f,B05,RT1,11-06-2024,487,CANCELLED
2745,Ashok Gupta,113,m,B02,RT2,18-06-2024,645,CANCELLED
2746,Lata Arora,37,F,B01,RT2,20-04-2024,686,CONFIRMED
2747,Neha Singh,65,m,B03,RT2,30-04-2024,562,CONFIRMED
2748,Raj Gupta,98,M,B02,RT3,16-06-2024,667,CONFIRMED
2749,  ALOK KUMAR  ,,f,B02,RT5,13-04-2024,abc,CONF
2750,Pooja Arora,77,m,B03,RT1,28-05-2024,653,CANCELLED
2751,Nitin Jain,75,M,B04,RT3,12-05-2024,572,CONFIRMED
2752,Sakshi Jain,43,M,B02,RT6,06-05-2024,638,CONFIRMED
2753,Anita Kapoor,104,F,B06,RT3,10-06-2024,416,CONFIRMED
2754,Arjun Yadav,150,f,B05,RT3,06-05-2024,-700,confirmed
2755,",",twenty,M,B03,RT3,13/04/24,abc,confirmed
2756,Mehul Yadav,90,F,B04,RT1,13-04-2024,418,CONFIRMED
2757,Neeraj Sharma,78,m,B05,RT5,21-04-2024,693,CONFIRMED
2758,Priyanka Kapoor@123,-5,m,B05,RT6,17/04/24,abc,confirm
2759,  PAYAL PATEL  ,-5,f,B04,RT2,04-04-2024,abc,confirmed
2760,Divya Kumar,16,m,B03,RT1,10-04-2024,562,CANCELLED
2761,Payal Patel,87,f,B03,RT1,30-05-2024,605,CONFIRMED
2762,Divya Patel,37,m,B04,RT3,18-06-2024,460,CANCELLED
2763,  MANOJ KAPOOR  ,150,F,B02,RT2,17-06-2024,abc,CONF
2764,Anita Das,110,f,B02,RT6,18-04-2024,508,CONFIRMED
2765,Ashok Kumar,49,m,B03,RT5,16-04-2024,605,CANCELLED
2766,Sunil Verma,105,F,B01,RT4,07-04-2024,496,CANCELLED
2767,Deepa Yadav,115,F,B04,RT3,21-06-2024,605,CONFIRMED
2768,Pooja Kumar,11,m,B06,RT4,29-05-2024,408,CONFIRMED
2769,Rahul Gupta,-5,m,B04,RT5,22-05-2024,abc,confirm
2770,Neha Kumar,150,f,B03,RT1,18-05-2024,abc,CONF
2771,Gaurav Malhotra,92,F,B01,RT1,14-06-2024,428,CANCELLED
2772,Aarti Kumar,76,F,B02,RT3,03-06-2024,574,CANCELLED
2773,Mehul Arora,106,F,B02,RT5,09-04-2024,603,CANCELLED
2774,Raj Sharma,31,M,B02,RT5,06-05-2024,685,CONFIRMED
2775,Deepa Kapoor,150,m,B01,RT1,2024/05/10,-700,cnf
2776,Neha Sharma,91,f,B04,RT2,25-04-2024,555,CONFIRMED
2777,Mohan Verma,43,F,B06,RT1,14-04-2024,401,CONFIRMED
2778,Divya Yadav,-5,m,B05,RT5,09-05-2024,686,cnf
2779,Divya Jain,96,F,B03,RT2,06-06-2024,448,CANCELLED
2780,Ritu Verma,118,f,B01,RT1,17-05-2024,658,CONFIRMED
2781,  NEHA YADAV  @123,150,F,B03,RT4,02-06-2024,-700,Confirm
2782,Prakash Das,115,F,B06,RT6,30-05-2024,514,CONFIRMED
2783,Vivek Kumar,47,m,B02,RT1,30-05-2024,602,CONFIRMED
2784,Mohan Patel,79,M,B02,RT3,10-06-2024,602,CONFIRMED
2785,Karan Arora,38,F,B05,RT6,18-06-2024,458,CONFIRMED
2786,Manoj Sharma@123,21,F,B03,RT2,09-04-2024,abc,cnf
2787,Meena Mehta,59,F,B04,RT5,26-04-2024,476,CANCELLED
2788,Kavita Kapoor,4,M,B01,RT3,12-06-2024,465,CONFIRMED
2789,Priyanka Gupta,54,m,B02,RT3,05-05-2024,478,CONFIRMED
2790,Sakshi Mehta,106,M,B04,RT2,16-06-2024,403,CONFIRMED
2791,Manoj Gupta,104,F,B02,RT1,24-06-2024,651,CONFIRMED
2792,Ashok Kapoor,27,m,B02,RT2,21-04-2024,636,CANCELLED
2793,Amit Gupta,,M,B02,RT6,20-06-2024,abc,CANCELLED
2794,Karan Gupta,150,f,B01,RT3,27-05-2024,-700,cnf
2795,Sachin Verma,59,M,B05,RT2,13-06-2024,522,CONFIRMED
2796,Prakash Verma,38,m,B03,RT1,04-06-2024,658,CANCELLED
2797,Divya Gupta,103,M,B03,RT3,21-05-2024,402,CONFIRMED
2798,Ritu Singh,96,m,B04,RT5,24-06-2024,568,CONFIRMED
2799,Nitin Verma,98,m,B04,RT4,26-04-2024,595,CONFIRMED
2800,Kavita Mehta,99,f,B02,RT2,29-05-2024,508,CANCELLED
